#0 building with "orbstack" instance using docker driver

#1 [internal] load build definition from Dockerfile
#1 transferring dockerfile: 1.35kB done
#1 DONE 0.0s

#2 resolve image config for docker-image://docker.io/docker/dockerfile:1.7
#2 DONE 0.2s

#3 docker-image://docker.io/docker/dockerfile:1.7@sha256:a57df69d0ea827fb7266491f2813635de6f17269be881f696fbfdf2d83dda33e
#3 CACHED

#4 [internal] load metadata for docker.io/library/ubuntu:24.04@sha256:33ceb71981b602c1a7443a53469e4dba065f7503eab3078a2d7a57a2ab987517
#4 DONE 0.0s

#5 [internal] load .dockerignore
#5 transferring context: 222B done
#5 DONE 0.0s

#6 [stage-0 1/6] FROM docker.io/library/ubuntu:24.04@sha256:33ceb71981b602c1a7443a53469e4dba065f7503eab3078a2d7a57a2ab987517
#6 DONE 0.0s

#7 [internal] load build context
#7 transferring context: 77B 0.0s done
#7 DONE 0.0s

#8 [stage-0 4/6] RUN --mount=type=secret,id=graphx_ca,required=false     --mount=type=secret,id=graphx_cert_installer,required=false     /usr/bin/bash /usr/local/libexec/graphx-install-build-trust
#8 CACHED

#9 [stage-0 2/6] RUN apt-get update  && apt-get install -y --no-install-recommends       bash bc bison build-essential ca-certificates cpio curl file flex git       libncurses-dev python3 rsync unzip wget xz-utils  && rm -rf /var/lib/apt/lists/*
#9 CACHED

#10 [stage-0 3/6] COPY docker/install-build-trust.sh /usr/local/libexec/graphx-install-build-trust
#10 CACHED

#11 [stage-0 5/6] RUN curl --fail --location --silent --show-error       "https://buildroot.org/downloads/buildroot-2025.02.17.tar.xz"       --output /tmp/buildroot.tar.xz  && echo "13618704563ad0b928a4564aaa73e2db97e12e8df0ed5ae874744a83964a023a  /tmp/buildroot.tar.xz" | sha256sum --check --strict  && mkdir -p /opt/buildroot  && tar --extract --xz --file /tmp/buildroot.tar.xz       --directory /opt/buildroot --strip-components=1  && unlink /tmp/buildroot.tar.xz
#11 CACHED

#12 [stage-0 6/6] WORKDIR /workspace
#12 CACHED

#13 exporting to image
#13 exporting layers done
#13 writing image sha256:cc8e32f11dbe3870297aa7ee9daee1709d9052094acac4717e37e1b282c927f8 done
#13 naming to docker.io/library/graphx-qemu-builder:2025.02.17 done
#13 DONE 0.0s

View build details: docker-desktop://dashboard/build/orbstack/orbstack/y6h1p2hoo82yam2a66wln8nbx
make: Entering directory '/opt/buildroot'
mkdir -p /workspace/examples/qemu-node/output/build/buildroot-config/lxdialog
PKG_CONFIG_PATH="" make CC="/usr/bin/gcc" HOSTCC="/usr/bin/gcc" \
    obj=/workspace/examples/qemu-node/output/build/buildroot-config -C support/kconfig -f Makefile.br conf
make[1]: Entering directory '/opt/buildroot/support/kconfig'
/usr/bin/gcc -I/usr/include/ncursesw -DCURSES_LOC="<curses.h>"  -DNCURSES_WIDECHAR=1 -DLOCALE  -I/workspace/examples/qemu-node/output/build/buildroot-config -DCONFIG_=\"\"  -MM *.c > /workspace/examples/qemu-node/output/build/buildroot-config/.depend 2>/dev/null || :
/usr/bin/gcc -I/usr/include/ncursesw -DCURSES_LOC="<curses.h>"  -DNCURSES_WIDECHAR=1 -DLOCALE  -I/workspace/examples/qemu-node/output/build/buildroot-config -DCONFIG_=\"\"   -c conf.c -o /workspace/examples/qemu-node/output/build/buildroot-config/conf.o
/usr/bin/gcc -I/usr/include/ncursesw -DCURSES_LOC="<curses.h>"  -DNCURSES_WIDECHAR=1 -DLOCALE  -I/workspace/examples/qemu-node/output/build/buildroot-config -DCONFIG_=\"\"  -I. -c /workspace/examples/qemu-node/output/build/buildroot-config/zconf.tab.c -o /workspace/examples/qemu-node/output/build/buildroot-config/zconf.tab.o
/usr/bin/gcc -I/usr/include/ncursesw -DCURSES_LOC="<curses.h>"  -DNCURSES_WIDECHAR=1 -DLOCALE  -I/workspace/examples/qemu-node/output/build/buildroot-config -DCONFIG_=\"\"   /workspace/examples/qemu-node/output/build/buildroot-config/conf.o /workspace/examples/qemu-node/output/build/buildroot-config/zconf.tab.o  -o /workspace/examples/qemu-node/output/build/buildroot-config/conf
rm /workspace/examples/qemu-node/output/build/buildroot-config/zconf.tab.c
make[1]: Leaving directory '/opt/buildroot/support/kconfig'
  GEN     /workspace/examples/qemu-node/output/Makefile
#
# configuration written to /workspace/examples/qemu-node/output/.config
#
make: Leaving directory '/opt/buildroot'
make: Entering directory '/opt/buildroot'
rm -Rf /workspace/examples/qemu-node/output/build/graphx-qemu-node-1.0.0
make: Leaving directory '/opt/buildroot'
make: Entering directory '/opt/buildroot'
/usr/bin/make -j1  O=/workspace/examples/qemu-node/output HOSTCC="/usr/bin/gcc" HOSTCXX="/usr/bin/g++" syncconfig
make[1]: Entering directory '/opt/buildroot'
make[1]: warning: -j1 forced in submake: resetting jobserver mode.
  GEN     /workspace/examples/qemu-node/output/Makefile
make[1]: Leaving directory '/opt/buildroot'
>>> host-skeleton  Extracting
>>> host-skeleton  Patching
>>> host-skeleton  Configuring
>>> host-skeleton  Building
>>> host-skeleton  Installing to host directory
# check-package DoNotInstallToHostdirUsr
>>> host-fakedate  Extracting
>>> host-fakedate  Patching
>>> host-fakedate  Configuring
>>> host-fakedate  Building
>>> host-fakedate  Installing to host directory
/usr/bin/install -D -m 755 package/fakedate/fakedate /workspace/examples/qemu-node/output/host/bin/date
>>> host-cpio 2.15 Downloading
wget -nd -t 3 --connect-timeout=10 -O '/workspace/examples/qemu-node/output/build/.cpio-2.15.tar.bz2.YRIoJ2/output' 'https://ftpmirror.gnu.org/cpio/cpio-2.15.tar.bz2' 
--2026-09-06 15:23:50--  https://ftpmirror.gnu.org/cpio/cpio-2.15.tar.bz2
Resolving ftpmirror.gnu.org (ftpmirror.gnu.org)... 209.51.188.200, 2001:470:142:5::200
Connecting to ftpmirror.gnu.org (ftpmirror.gnu.org)|209.51.188.200|:443... connected.
HTTP request sent, awaiting response... 504 Gateway Time-out
Retrying.

--2026-09-06 15:25:14--  (try: 2)  https://ftpmirror.gnu.org/cpio/cpio-2.15.tar.bz2
Connecting to ftpmirror.gnu.org (ftpmirror.gnu.org)|209.51.188.200|:443... connected.
HTTP request sent, awaiting response... 504 Gateway Time-out
Retrying.

--2026-09-06 15:26:41--  (try: 3)  https://ftpmirror.gnu.org/cpio/cpio-2.15.tar.bz2
Reusing existing connection to ftpmirror.gnu.org:443.
HTTP request sent, awaiting response... 504 Gateway Time-out
Giving up.

wget -nd -t 3 --connect-timeout=10 -O '/workspace/examples/qemu-node/output/build/.cpio-2.15.tar.bz2.EVaYrK/output' 'https://sources.buildroot.net/cpio/cpio-2.15.tar.bz2' 
--2026-09-06 15:27:41--  https://sources.buildroot.net/cpio/cpio-2.15.tar.bz2
Resolving sources.buildroot.net (sources.buildroot.net)... 104.26.0.37, 104.26.1.37, 172.67.72.56, ...
Connecting to sources.buildroot.net (sources.buildroot.net)|104.26.0.37|:443... connected.
HTTP request sent, awaiting response... 200 OK
Length: 1651320 (1.6M) [application/x-bzip-compressed-tar]
Saving to: '/workspace/examples/qemu-node/output/build/.cpio-2.15.tar.bz2.EVaYrK/output'

     0K .......... .......... .......... .......... ..........  3% 11.4M 0s
    50K .......... .......... .......... .......... ..........  6% 10.8M 0s
   100K .......... .......... .......... .......... ..........  9% 22.4M 0s
   150K .......... .......... .......... .......... .......... 12% 8.62M 0s
   200K .......... .......... .......... .......... .......... 15% 44.4M 0s
   250K .......... .......... .......... .......... .......... 18%  138M 0s
   300K .......... .......... .......... .......... .......... 21% 35.6M 0s
   350K .......... .......... .......... .......... .......... 24% 48.3M 0s
   400K .......... .......... .......... .......... .......... 27% 23.0M 0s
   450K .......... .......... .......... .......... .......... 31% 47.1M 0s
   500K .......... .......... .......... .......... .......... 34% 56.0M 0s
   550K .......... .......... .......... .......... .......... 37% 55.9M 0s
   600K .......... .......... .......... .......... .......... 40% 59.7M 0s
   650K .......... .......... .......... .......... .......... 43% 55.1M 0s
   700K .......... .......... .......... .......... .......... 46%  139M 0s
   750K .......... .......... .......... .......... .......... 49%  160M 0s
   800K .......... .......... .......... .......... .......... 52% 26.5M 0s
   850K .......... .......... .......... .......... .......... 55% 55.9M 0s
   900K .......... .......... .......... .......... .......... 58% 36.5M 0s
   950K .......... .......... .......... .......... .......... 62% 39.9M 0s
  1000K .......... .......... .......... .......... .......... 65% 59.4M 0s
  1050K .......... .......... .......... .......... .......... 68%  111M 0s
  1100K .......... .......... .......... .......... .......... 71%  173M 0s
  1150K .......... .......... .......... .......... .......... 74%  191M 0s
  1200K .......... .......... .......... .......... .......... 77%  177M 0s
  1250K .......... .......... .......... .......... .......... 80%  157M 0s
  1300K .......... .......... .......... .......... .......... 83% 53.5M 0s
  1350K .......... .......... .......... .......... .......... 86% 71.1M 0s
  1400K .......... .......... .......... .......... .......... 89% 32.3M 0s
  1450K .......... .......... .......... .......... .......... 93% 58.3M 0s
  1500K .......... .......... .......... .......... .......... 96% 64.4M 0s
  1550K .......... .......... .......... .......... .......... 99% 61.3M 0s
  1600K .......... ..                                         100% 55.5M=0.04s

2026-09-06 15:27:41 (38.3 MB/s) - '/workspace/examples/qemu-node/output/build/.cpio-2.15.tar.bz2.EVaYrK/output' saved [1651320/1651320]

cpio-2.15.tar.bz2: OK (sha1: db5e3845eb5475ddcb7e8915c3a1458a0c13d787)
cpio-2.15.tar.bz2: OK (sha256: 937610b97c329a1ec9268553fb780037bcfff0dcffe9725ebc4fd9c1aa9075db)
>>> host-cpio 2.15 Extracting
bzcat /workspace/examples/qemu-node/dl/cpio/cpio-2.15.tar.bz2 | tar --strip-components=1 -C /workspace/examples/qemu-node/output/build/host-cpio-2.15   -xf -
>>> host-cpio 2.15 Patching

Applying 0001-Fix-c23-conformity.patch using patch: 
patching file src/extern.h
Hunk #1 succeeded at 97 (offset 1 line).
patching file src/global.c
Hunk #1 succeeded at 185 (offset 1 line).
>>> host-cpio 2.15 Updating config.sub and config.guess
for file in config.guess config.sub; do for i in $(find /workspace/examples/qemu-node/output/build/host-cpio-2.15 -name $file); do cp support/gnuconfig/$file $i; done; done
>>> host-cpio 2.15 Patching libtool
>>> host-cpio 2.15 Configuring
(cd /workspace/examples/qemu-node/output/build/host-cpio-2.15/ && rm -rf config.cache; GIT_DIR=. PATH="/workspace/examples/qemu-node/output/host/bin:/workspace/examples/qemu-node/output/host/sbin:/usr/local/sbin:/usr/local/bin:/usr/sbin:/usr/bin:/sbin:/bin" PKG_CONFIG="/workspace/examples/qemu-node/output/host/bin/pkg-config" PKG_CONFIG_SYSROOT_DIR="/" PKG_CONFIG_ALLOW_SYSTEM_CFLAGS=1 PKG_CONFIG_ALLOW_SYSTEM_LIBS=1 PKG_CONFIG_LIBDIR="/workspace/examples/qemu-node/output/host/lib/pkgconfig:/workspace/examples/qemu-node/output/host/share/pkgconfig" AR="/usr/bin/ar" AS="/usr/bin/as" LD="/usr/bin/ld" NM="/usr/bin/nm" CC="/usr/bin/gcc" GCC="/usr/bin/gcc" CXX="/usr/bin/g++" CPP="/usr/bin/cpp" OBJCOPY="/usr/bin/objcopy" RANLIB="/usr/bin/ranlib" CPPFLAGS="-I/workspace/examples/qemu-node/output/host/include" CFLAGS="-O2 -I/workspace/examples/qemu-node/output/host/include" CXXFLAGS="-O2 -I/workspace/examples/qemu-node/output/host/include" LDFLAGS="-L/workspace/examples/qemu-node/output/host/lib -Wl,-rpath,/workspace/examples/qemu-node/output/host/lib" INTLTOOL_PERL=/usr/bin/perl  CONFIG_SITE=/dev/null ./configure --prefix="/workspace/examples/qemu-node/output/host" --sysconfdir="/workspace/examples/qemu-node/output/host/etc" --localstatedir="/workspace/examples/qemu-node/output/host/var" --enable-shared --disable-static --disable-gtk-doc --disable-gtk-doc-html --disable-doc --disable-docs --disable-documentation --disable-debug --with-xmlto=no --with-fop=no --disable-nls --disable-dependency-tracking   )
configure: WARNING: unrecognized options: --enable-shared, --disable-static, --disable-gtk-doc, --disable-gtk-doc-html, --disable-doc, --disable-docs, --disable-documentation, --disable-debug, --with-xmlto, --with-fop
checking for a BSD-compatible install... /usr/bin/install -c
checking whether build environment is sane... yes
checking for a race-free mkdir -p... /usr/bin/mkdir -p
checking for gawk... no
checking for mawk... mawk
checking whether make sets $(MAKE)... yes
checking whether make supports nested variables... yes
checking whether UID '501' is supported by ustar format... yes
checking whether GID '20' is supported by ustar format... yes
checking how to create a ustar tar archive... gnutar
checking whether make supports nested variables... (cached) yes
checking for gcc... /usr/bin/gcc
checking whether the C compiler works... yes
checking for C compiler default output file name... a.out
checking for suffix of executables... 
checking whether we are cross compiling... no
checking for suffix of object files... o
checking whether the compiler supports GNU C... yes
checking whether /usr/bin/gcc accepts -g... yes
checking for /usr/bin/gcc option to enable C11 features... none needed
checking whether /usr/bin/gcc understands -c and -o together... yes
checking whether the compiler is clang... no
checking for compiler option needed when checking for declarations... none
checking whether make supports the include directive... yes (GNU style)
checking dependency style of /usr/bin/gcc... none
checking how to run the C preprocessor... /usr/bin/cpp
checking for grep that handles long lines and -e... /usr/bin/grep
checking for egrep... /usr/bin/grep -E
checking whether /usr/bin/gcc needs -traditional... no
checking for ranlib... /usr/bin/ranlib
checking for bison... bison -y
checking for stdio.h... yes
checking for stdlib.h... yes
checking for string.h... yes
checking for inttypes.h... yes
checking for stdint.h... yes
checking for strings.h... yes
checking for sys/stat.h... yes
checking for sys/types.h... yes
checking for unistd.h... yes
checking for wchar.h... yes
checking for minix/config.h... no
checking for features.h... yes
checking for linewrap.h... no
checking for uchar.h... yes
checking for sys/param.h... yes
checking for sys/socket.h... yes
checking for dirent.h... yes
checking for error.h... yes
checking for fnmatch.h... yes
checking for stdio_ext.h... yes
checking for getopt.h... yes
checking for sys/cdefs.h... yes
checking for sys/time.h... yes
checking for threads.h... yes
checking for limits.h... yes
checking for crtdefs.h... no
checking for wctype.h... yes
checking for xlocale.h... no
checking for sys/mman.h... yes
checking for obstack.h... yes
checking for stdbool.h... yes
checking for stdckdint.h... no
checking for sysexits.h... yes
checking for utime.h... yes
checking for net/errno.h... no
checking for sys/inet.h... no
checking for netdb.h... yes
checking for memory.h... yes
checking for fcntl.h... yes
checking for sys/wait.h... yes
checking for sys/gentape.h... no
checking for sys/tape.h... no
checking for sys/device.h... no
checking for sys/tprintf.h... no
checking for sys/mtio.h... yes
checking for sgtty.h... yes
checking for sys/io/trioctl.h... no
checking for locale.h... yes
checking for pwd.h... yes
checking for grp.h... yes
checking whether it is safe to define __EXTENSIONS__... yes
checking whether _XOPEN_SOURCE should be defined... no
checking build system type... aarch64-unknown-linux-gnu
checking host system type... aarch64-unknown-linux-gnu
checking for Minix Amsterdam compiler... no
checking for ar... /usr/bin/ar
checking for _LARGEFILE_SOURCE value needed for large files... no
checking for /usr/bin/gcc option to enable large file support... none needed
checking for /usr/bin/gcc option for timestamps after 2038... none needed
checking for /usr/bin/gcc option to enable large file support... (cached) none needed
checking for /usr/bin/gcc option for timestamps after 2038... (cached) none needed
checking for sys/mkdev.h... no
checking for sys/sysmacros.h... yes
checking for an ANSI C-conforming const... yes
checking for uid_t in sys/types.h... yes
checking for gid_t... yes
checking for dirent.h that defines DIR... yes
checking for library containing opendir... none required
checking return type of major()... int
checking return type of minor()... int
checking for fchmod... yes
checking for fchown... yes
checking for setmode... no
checking for getpwuid... yes
checking for getpwnam... yes
checking for getgrgid... yes
checking for getgrnam... yes
checking for pipe... yes
checking for fork... yes
checking for getuid... yes
checking for geteuid... yes
checking for size_t... yes
checking for working alloca.h... yes
checking for alloca... yes
checking for inline... inline
checking for C/C++ restrict keyword... __restrict__
checking for /usr/bin/gcc options needed to detect all undeclared functions... none needed
checking whether clearerr_unlocked is declared... yes
checking whether feof_unlocked is declared... yes
checking whether ferror_unlocked is declared... yes
checking whether fflush_unlocked is declared... yes
checking whether fgets_unlocked is declared... yes
checking whether fputc_unlocked is declared... yes
checking whether fputs_unlocked is declared... yes
checking whether fread_unlocked is declared... yes
checking whether fwrite_unlocked is declared... yes
checking whether getc_unlocked is declared... yes
checking whether getchar_unlocked is declared... yes
checking whether putc_unlocked is declared... yes
checking whether putchar_unlocked is declared... yes
checking for flockfile... yes
checking for funlockfile... yes
checking for btowc... yes
checking for mbrtowc... yes
checking for mbsinit... yes
checking for chown... yes
checking for fchown... (cached) yes
checking for _set_invalid_parameter_handler... no
checking for fchdir... yes
checking for fdopendir... yes
checking for fcntl... yes
checking for symlink... yes
checking for fnmatch... yes
checking for mbsrtowcs... yes
checking for fstatat... yes
checking for getdtablesize... yes
checking for getexecname... no
checking for gettimeofday... yes
checking for isblank... yes
checking for iswcntrl... yes
checking for lchmod... yes
checking for lstat... yes
checking for mprotect... yes
checking for openat... yes
checking for pipe... (cached) yes
checking for qsort_r... yes
checking for readlink... yes
checking for setenv... yes
checking for sleep... yes
checking for strndup... yes
checking for strtoimax... yes
checking for strtoumax... yes
checking for localtime_r... yes
checking for vasnprintf... no
checking for snprintf... yes
checking for mkfifo... yes
checking for setlocale... yes
checking whether strerror_r is declared... yes
checking whether strerror_r returns char *... yes
checking whether the preprocessor supports include_next... yes
checking whether source code line length is unlimited... yes
checking whether <wchar.h> uses 'inline' correctly... yes
checking for nl_langinfo and CODESET... yes
checking for a traditional french locale... none
checking whether char8_t is correctly defined... yes
checking whether char16_t is correctly defined... yes
checking whether char32_t is correctly defined... yes
checking for bit size of wchar_t... 32
checking for mbstate_t... yes
checking for a traditional japanese locale... none
checking for a french Unicode locale... none
checking for a transitional chinese locale... none
checking whether mbrtowc handles incomplete characters... guessing yes
checking whether mbrtowc works as well as mbtowc... guessing yes
checking whether mbrtoc32 is declared... yes
checking for mbrtoc32... yes
checking whether mbrtoc32 works as well as mbrtowc... guessing yes
checking whether malloc is ptrdiff_t safe... yes
checking whether malloc, realloc, calloc set errno on failure... yes
checking for unistd.h... (cached) yes
checking for working chown... yes
checking whether chown dereferences symlinks... yes
checking whether chown honors trailing slash... yes
checking whether chown always updates ctime... no
checking if environ is properly declared... yes
checking for complete errno.h... yes
checking for error... yes
checking whether error_at_line is declared... yes
checking for error_at_line... yes
checking for working error function... yes
checking whether ctype.h defines __header_inline... no
checking whether fchdir is declared... yes
checking for working fcntl.h... yes
checking for pid_t... yes
checking for mode_t... yes
checking whether stdin defaults to large file offsets... yes
checking whether fseeko is declared... yes
checking for fseeko... yes
checking whether stat file-mode macros are broken... no
checking for nlink_t... yes
checking whether lstat correctly handles trailing slash... yes
checking whether getcwd (NULL, 0) allocates memory for result... yes
checking for getcwd with POSIX signature... yes
checking whether getcwd is declared... yes
checking whether getdelim is declared... yes
checking whether getdtablesize is declared... yes
checking whether getline is declared... yes
checking for getopt.h... (cached) yes
checking for getopt_long_only... yes
checking whether getopt is POSIX compatible... yes
checking for working GNU getopt function... yes
checking for working GNU getopt_long function... yes
checking whether timespec_get is declared... yes
checking for timespec_get... yes
checking for struct timeval... yes
checking for wide-enough struct timeval.tv_sec member... yes
checking for pthread.h... yes
checking for pthread_kill in -lpthread... yes
checking whether POSIX threads API is available... yes
checking whether setlocale (LC_ALL, NULL) is multithread-safe... yes
checking whether setlocale (category, NULL) is multithread-safe... yes
checking for off_t... yes
checking whether limits.h has WORD_BIT, BOOL_WIDTH etc.... yes
checking whether limits.h has SSIZE_MAX... yes
checking for wint_t... yes
checking whether wint_t is large enough... yes
checking whether the compiler produces multi-arch binaries... no
checking whether stdint.h conforms to C99... yes
checking whether stdint.h works without ISO C predefines... yes
checking whether stdint.h has UINTMAX_WIDTH etc.... yes
checking whether INT32_MAX < INTMAX_MAX... yes
checking whether INT64_MAX == LONG_MAX... yes
checking whether UINT32_MAX < UINTMAX_MAX... yes
checking whether UINT64_MAX == ULONG_MAX... yes
checking whether iswcntrl works... yes
checking for towlower... yes
checking for wctype_t... yes
checking for wctrans_t... yes
checking whether wctype supports the "blank" and "punct" character classes... yes
checking for wchar_t... yes
checking for good max_align_t... yes
checking whether NULL can be used in arbitrary expressions... yes
checking for unreachable... no
checking whether locale.h defines locale_t... yes
checking whether locale.h conforms to POSIX:2001... yes
checking whether struct lconv is properly defined... yes
checking whether malloc (0) returns nonnull... yes
checking for mmap... yes
checking for MAP_ANONYMOUS... yes
checking whether memchr works... yes
checking whether memrchr is declared... yes
checking whether <limits.h> defines MIN and MAX... no
checking whether <sys/param.h> defines MIN and MAX... yes
checking whether time_t is signed... yes
checking whether alarm is declared... yes
checking for working mktime... yes
checking whether struct tm is in sys/time.h or time.h... time.h
checking for struct tm.tm_zone... yes
checking for struct tm.tm_gmtoff... yes
checking for O_CLOEXEC... yes
checking for promoted mode_t type... mode_t
checking for compound literals... yes
checking for ssize_t... yes
checking whether setenv is declared... yes
checking for search.h... yes
checking for tsearch... yes
checking for sigset_t... yes
checking for volatile sig_atomic_t... yes
checking for sighandler_t... yes
checking whether fcloseall is declared... yes
checking whether getw is declared... yes
checking whether putw is declared... yes
checking which flavor of printf attribute matches inttypes macros... system
checking whether ecvt is declared... yes
checking whether fcvt is declared... yes
checking whether gcvt is declared... yes
checking whether MB_CUR_MAX is correct... guessing yes
checking whether strdup is declared... yes
checking whether strerror(0) succeeds... yes
checking whether strndup is declared... yes
checking whether strnlen is declared... yes
checking whether strtoimax is declared... yes
checking whether strtoumax is declared... yes
checking for struct timespec in <time.h>... yes
checking for TIME_UTC in <time.h>... yes
checking whether execvpe is declared... yes
checking whether unsetenv is declared... yes
checking whether the utimes function works... yes
checking for inttypes.h... yes
checking for stdint.h... yes
checking for intmax_t... yes
checking whether snprintf returns a byte count as in C99... yes
checking whether snprintf truncates the result as in C99... yes
checking where to find the exponent in a 'double'... word 1 bit 20
checking for wcslen... yes
checking for snprintf... (cached) yes
checking for strnlen... yes
checking for wcrtomb... yes
checking whether _snprintf is declared... no
checking whether printf supports POSIX/XSI format strings with positions... yes
checking whether vsnprintf is declared... yes
checking whether wcsdup is declared... yes
checking for stdint.h... (cached) yes
checking for SIZE_MAX... yes
checking for C compiler option to allow warnings... -Wno-error
checking for alignas and alignof... yes, <stdalign.h> macros
checking for alloca as a compiler built-in... yes
checking whether program_invocation_name is declared... yes
checking whether program_invocation_short_name is declared... yes
checking whether program_invocation_name is defined... yes
checking whether program_invocation_short_name is defined... yes
checking for static_assert... yes, an <assert.h> macro
checking whether btowc(0) is correct... yes
checking whether btowc(EOF) is correct... guessing yes
checking whether btowc is consistent with mbrtowc in the C locale... no
checking for __builtin_expect... yes
checking whether calloc (0, n) and calloc (n, 0) return nonnull... yes
checking whether this system supports file names of any length... no
checking for library containing clock_gettime... none required
checking for clock_getres... yes
checking for clock_gettime... yes
checking for clock_settime... yes
checking for closedir... yes
checking for d_ino member in directory struct... yes
checking for dirfd... yes
checking whether dirfd is declared... yes
checking whether dirfd is a macro... no
checking whether // is distinct from /... no
checking whether dup works... yes
checking whether dup2 works... yes
checking whether fcntl handles F_DUPFD correctly... yes
checking whether fcntl understands F_DUPFD_CLOEXEC... needs runtime check
checking whether fdopendir is declared... yes
checking whether fdopendir works... yes
checking for struct stat.st_blocks... yes
checking for mempcpy... yes
checking for flexible array member... yes
checking whether conversion from 'int' to 'long double' works... yes
checking for working GNU fnmatch... yes
checking for __fpending... yes
checking whether __fpending is declared... yes
checking whether free is known to preserve errno... yes
checking for fseeko... (cached) yes
checking whether fstatat (..., 0) works... yes
checking for futimens... yes
checking whether futimens works... no
checking whether getcwd handles long file names properly... yes
checking for getpagesize... yes
checking whether getcwd succeeds when 4k < cwd_length < 16k... yes
checking for getdelim... yes
checking for working getdelim function... yes
checking whether getdtablesize works... yes
checking for getline... yes
checking for working getline function... yes
checking for getprogname... no
checking whether program_invocation_name is declared... (cached) yes
checking whether program_invocation_name is declared... (cached) yes
checking whether program_invocation_short_name is declared... (cached) yes
checking whether __argv is declared... no
checking for gettimeofday with POSIX signature... yes
checking whether the compiler generally respects inline... yes
checking for iswblank... yes
checking whether iswblank is declared... yes
checking whether iswdigit is ISO C compliant... guessing yes
checking whether iswpunct is consistent with ispunct... yes
checking whether iswxdigit is ISO C compliant... guessing yes
checking for lchown... yes
checking whether the compiler supports the __inline keyword... yes
checking whether lseek detects pipes... yes
checking whether SEEK_DATA works but is incompatible with GNU... no
checking whether malloc (0) returns nonnull... (cached) yes
checking whether mbrtoc32 works on empty input... yes
checking whether the C locale is free of encoding errors... no
checking whether mbrtowc handles a NULL pwc argument... guessing yes
checking whether mbrtowc handles a NULL string argument... guessing yes
checking whether mbrtowc has a correct return value... guessing yes
checking whether mbrtowc returns 0 when parsing a NUL character... guessing yes
checking whether mbrtowc stores incomplete characters... guessing no
checking whether mbrtowc works on empty input... yes
checking whether the C locale is free of encoding errors... no
checking whether mbsrtowcs works... guessing yes
checking whether the C locale is free of encoding errors... (cached) no
checking for mbtowc... yes
checking for mempcpy... (cached) yes
checking for memrchr... yes
checking for __mktime_internal... no
checking for obstacks that work with any size object... no
checking whether open recognizes a trailing slash... yes
checking for opendir... yes
checking for bison... bison
checking for bison 2.4 or newer... 3.8.2, ok
checking for struct tm.tm_zone... (cached) yes
checking whether program_invocation_name is declared... (cached) yes
checking whether program_invocation_short_name is declared... (cached) yes
checking for qsort_r signature... GNU
checking for raise... yes
checking for rawmemchr... yes
checking for readdir... yes
checking whether readlink signature is correct... yes
checking whether readlink handles trailing slash correctly... yes
checking whether readlink truncates results correctly... yes
checking whether realloc (0, 0) returns nonnull... yes
checking for reallocarray... yes
checking for rewinddir... yes
checking whether setenv validates arguments... yes
checking whether setlocale (LC_ALL, NULL) is multithread-safe... (cached) yes
checking whether setlocale (category, NULL) is multithread-safe... (cached) yes
checking whether sleep is declared... yes
checking for working sleep... yes
checking for ssize_t... (cached) yes
checking whether stat handles trailing slashes on files... yes
checking for struct stat.st_atim.tv_nsec... yes
checking whether struct stat.st_atim is of type struct timespec... yes
checking for struct stat.st_birthtimespec.tv_nsec... no
checking for struct stat.st_birthtimensec... no
checking for struct stat.st_birthtim.tv_nsec... no
checking for va_copy... yes
checking for bool, true, false... no
checking for stpcpy... yes
checking for strcasecmp... yes
checking for strncasecmp... yes
checking whether strncasecmp is declared... yes
checking for strchrnul... yes
checking whether strchrnul works... yes
checking for working strerror function... yes
checking for working strndup... yes
checking for working strnlen... yes
checking whether strtoimax works... yes
checking for strtol... yes
checking whether strtol works... yes
checking for strtoll... yes
checking whether strtoll works... yes
checking for strtoull... yes
checking whether strtoull works... yes
checking whether localtime_r is declared... yes
checking whether localtime_r is compatible with its POSIX signature... yes
checking whether localtime works even near extrema... yes
checking for timezone_t... no
checking for timegm... yes
checking for unsetenv... yes
checking for unsetenv() return type... int
checking whether unsetenv obeys POSIX... yes
checking for utime... yes
checking whether utime handles trailing slashes on files... yes
checking for futimes... yes
checking for futimesat... yes
checking for lutimes... yes
checking for futimens... (cached) yes
checking for utimensat... yes
checking for utimensat... (cached) yes
checking whether utimensat works... no
checking for variable-length arrays... yes
checking for ptrdiff_t... yes
checking for vsnprintf... yes
checking whether snprintf respects a size of 1... yes
checking for wmemchr... yes
checking for wmempcpy... yes
checking for stdint.h... (cached) yes
checking for library containing setsockopt... none required
checking for library containing setsockopt... (cached) none required
checking for sys/mtio.h... (cached) yes
checking which ioctl field to test for reversed bytes... mt_type
checking whether to build rmt... yes
checking for remote tape header files... yes
checking for sys/buf.h... no
checking for struct stat.st_blksize... yes
checking for library containing gethostbyname... none required
checking for getpwuid... (cached) yes
checking for getpwnam... (cached) yes
checking for getgrgid... (cached) yes
checking for getgrnam... (cached) yes
checking for pipe... (cached) yes
checking for fork... (cached) yes
checking for getuid... (cached) yes
checking for geteuid... (cached) yes
checking for getgid... yes
checking for setuid... yes
checking for setgid... yes
checking for mknod... yes
checking for symlink... (cached) yes
checking for link... yes
checking for chown... (cached) yes
checking for structure packing via __attribute__((packed))... yes
checking for unistd.h... (cached) yes
checking for stdlib.h... (cached) yes
checking for string.h... (cached) yes
checking for fcntl.h... (cached) yes
checking for pwd.h... (cached) yes
checking for grp.h... (cached) yes
checking for sys/io/trioctl.h... (cached) no
checking for utmp.h... yes
checking for getopt.h... (cached) yes
checking for locale.h... (cached) yes
checking for libintl.h... yes
checking for sys/wait.h... (cached) yes
checking for utime.h... (cached) yes
checking for locale.h... (cached) yes
checking for process.h... no
checking for sys/ioctl.h... yes
checking whether errno is declared... yes
checking whether getpwnam is declared... yes
checking whether getgrnam is declared... yes
checking whether getgrgid is declared... yes
checking whether strdup is declared... (cached) yes
checking whether strerror is declared... yes
checking whether getenv is declared... yes
checking whether atoi is declared... yes
checking whether exit is declared... yes
checking for ld used by /usr/bin/gcc... /usr/bin/ld
checking if the linker (/usr/bin/ld) is GNU ld... yes
checking for shared library run path origin... done
checking for iconv... yes
checking for working iconv... yes
checking for iconv declaration... 
         extern size_t iconv (iconv_t cd, char * *inbuf, size_t *inbytesleft, char * *outbuf, size_t *outbytesleft);
checking for a sed that does not truncate output... /usr/bin/sed
checking whether NLS is requested... no
checking for msgfmt... no
checking for gmsgfmt... :
checking for xgettext... no
checking for msgmerge... no
checking for CFPreferencesCopyAppValue... no
checking for CFLocaleCopyCurrent... no
checking whether to use NLS... no
checking that generated files are newer than configure... done
configure: creating ./config.status
config.status: creating tests/Makefile
config.status: creating tests/atlocal
config.status: creating Makefile
config.status: creating doc/Makefile
config.status: creating gnu/Makefile
config.status: creating lib/Makefile
config.status: creating rmt/Makefile
config.status: creating src/Makefile
config.status: creating po/Makefile.in
config.status: creating config.h
config.status: executing depfiles commands
config.status: executing po-directories commands
config.status: creating po/POTFILES
config.status: creating po/Makefile
config.status: executing tests/atconfig commands
configure: WARNING: unrecognized options: --enable-shared, --disable-static, --disable-gtk-doc, --disable-gtk-doc-html, --disable-doc, --disable-docs, --disable-documentation, --disable-debug, --with-xmlto, --with-fop
>>> host-cpio 2.15 Building
GIT_DIR=. PATH="/workspace/examples/qemu-node/output/host/bin:/workspace/examples/qemu-node/output/host/sbin:/usr/local/sbin:/usr/local/bin:/usr/sbin:/usr/bin:/sbin:/bin" PKG_CONFIG="/workspace/examples/qemu-node/output/host/bin/pkg-config" PKG_CONFIG_SYSROOT_DIR="/" PKG_CONFIG_ALLOW_SYSTEM_CFLAGS=1 PKG_CONFIG_ALLOW_SYSTEM_LIBS=1 PKG_CONFIG_LIBDIR="/workspace/examples/qemu-node/output/host/lib/pkgconfig:/workspace/examples/qemu-node/output/host/share/pkgconfig"  /usr/bin/make   -C /workspace/examples/qemu-node/output/build/host-cpio-2.15/
make[1]: Entering directory '/workspace/examples/qemu-node/output/build/host-cpio-2.15'
/usr/bin/make  all-recursive
make[2]: Entering directory '/workspace/examples/qemu-node/output/build/host-cpio-2.15'
Making all in doc
make[3]: Entering directory '/workspace/examples/qemu-node/output/build/host-cpio-2.15/doc'
make[3]: Nothing to be done for 'all'.
make[3]: Leaving directory '/workspace/examples/qemu-node/output/build/host-cpio-2.15/doc'
Making all in gnu
make[3]: Entering directory '/workspace/examples/qemu-node/output/build/host-cpio-2.15/gnu'
  GEN      alloca.h
  GEN      configmake.h
  GEN      ctype.h
  GEN      dirent.h
  GEN      error.h
  GEN      fcntl.h
  GEN      getopt.h
  GEN      getopt-cdefs.h
  GEN      inttypes.h
  GEN      limits.h
  GEN      locale.h
  GEN      obstack.h
  GEN      signal.h
  GEN      stdckdint.h
  GEN      stddef.h
  GEN      stdio.h
  GEN      stdlib.h
  GEN      string.h
  GEN      strings.h
  GEN      sys/stat.h
  GEN      sys/time.h
  GEN      sys/types.h
  GEN      time.h
  GEN      uchar.h
  GEN      unicase.h
  GEN      unictype.h
  GEN      uninorm.h
  GEN      unistd.h
  GEN      unistr.h
  GEN      unitypes.h
  GEN      utime.h
  GEN      wchar.h
  GEN      wctype.h
/usr/bin/make  all-recursive
make[4]: Entering directory '/workspace/examples/qemu-node/output/build/host-cpio-2.15/gnu'
make[5]: Entering directory '/workspace/examples/qemu-node/output/build/host-cpio-2.15/gnu'
  CC       libgnu_a-argmatch.o
  CC       libgnu_a-argp-ba.o
  CC       libgnu_a-argp-eexst.o
  CC       libgnu_a-argp-fmtstream.o
  CC       libgnu_a-argp-fs-xinl.o
  CC       libgnu_a-argp-help.o
  CC       libgnu_a-argp-parse.o
  CC       libgnu_a-argp-pin.o
  CC       libgnu_a-argp-pv.o
  CC       libgnu_a-argp-pvh.o
  CC       libgnu_a-argp-xinl.o
  CC       libgnu_a-argp-version-etc.o
  CC       libgnu_a-openat-proc.o
  CC       libgnu_a-basename-lgpl.o
  CC       libgnu_a-bitrotate.o
  CC       libgnu_a-btoc32.o
  CC       libgnu_a-btowc.o
  CC       libgnu_a-c-ctype.o
  CC       libgnu_a-c-strcasecmp.o
  CC       libgnu_a-c-strncasecmp.o
  CC       libgnu_a-c32_apply_type_test.o
  CC       libgnu_a-c32_get_type_test.o
  CC       libgnu_a-c32isalnum.o
  CC       libgnu_a-c32isalpha.o
  CC       libgnu_a-c32isblank.o
  CC       libgnu_a-c32iscntrl.o
  CC       libgnu_a-c32isdigit.o
  CC       libgnu_a-c32isgraph.o
  CC       libgnu_a-c32islower.o
  CC       libgnu_a-c32isprint.o
  CC       libgnu_a-c32ispunct.o
  CC       libgnu_a-c32isspace.o
  CC       libgnu_a-c32isupper.o
  CC       libgnu_a-c32isxdigit.o
  CC       libgnu_a-c32tolower.o
  CC       libgnu_a-chdir-long.o
  CC       libgnu_a-chown.o
  CC       libgnu_a-cloexec.o
  CC       libgnu_a-close-stream.o
  CC       libgnu_a-closeout.o
  CC       libgnu_a-opendir-safer.o
  CC       libgnu_a-dirname.o
  CC       libgnu_a-basename.o
  CC       libgnu_a-dirname-lgpl.o
  CC       libgnu_a-stripslash.o
  CC       libgnu_a-exitfail.o
  CC       libgnu_a-fcntl.o
  CC       libgnu_a-fd-hook.o
  CC       libgnu_a-fd-safer-flag.o
  CC       libgnu_a-dup-safer-flag.o
  CC       libgnu_a-fdutimensat.o
  CC       libgnu_a-filenamecat-lgpl.o
  CC       libgnu_a-full-write.o
  CC       libgnu_a-futimens.o
  CC       libgnu_a-getopt.o
  CC       libgnu_a-getopt1.o
  CC       libgnu_a-getprogname.o
  CC       libgnu_a-gettime.o
  CC       libgnu_a-hard-locale.o
  CC       libgnu_a-hash.o
  CC       libgnu_a-ialloc.o
  CC       libgnu_a-imaxtostr.o
  CC       libgnu_a-inttostr.o
  CC       libgnu_a-offtostr.o
  CC       libgnu_a-uinttostr.o
  CC       libgnu_a-umaxtostr.o
  CC       libgnu_a-lchown.o
  CC       libgnu_a-localcharset.o
  CC       libgnu_a-malloca.o
  CC       libgnu_a-mbrtoc32.o
  CC       libgnu_a-mbrtowc.o
  CC       libgnu_a-mbsrtoc32s.o
  CC       libgnu_a-mbsrtowcs.o
  CC       libgnu_a-mbszero.o
  CC       libgnu_a-nstrftime.o
  CC       libgnu_a-obstack.o
  CC       libgnu_a-openat-die.o
  CC       libgnu_a-parse-datetime.o
  CC       libgnu_a-progname.o
  CC       libgnu_a-quotearg.o
  CC       libgnu_a-safe-read.o
  CC       libgnu_a-safe-write.o
  CC       libgnu_a-save-cwd.o
  CC       libgnu_a-savedir.o
  CC       libgnu_a-setlocale_null.o
  CC       libgnu_a-stat-time.o
  CC       libgnu_a-strnlen1.o
  CC       libgnu_a-time_rz.o
  CC       libgnu_a-timespec.o
  CC       libgnu_a-unistd.o
  CC       libgnu_a-dup-safer.o
  CC       libgnu_a-fd-safer.o
  CC       libgnu_a-pipe-safer.o
  CC       libgnu_a-utimens.o
  CC       libgnu_a-utimensat.o
  CC       libgnu_a-version-etc.o
  CC       libgnu_a-version-etc-fsf.o
  CC       libgnu_a-wctype-h.o
  CC       libgnu_a-xmalloc.o
  CC       libgnu_a-xalloc-die.o
  CC       libgnu_a-xgetcwd.o
  CC       libgnu_a-xsize.o
  CC       asnprintf.o
  CC       mbsrtoc32s-state.o
  CC       mbsrtowcs-state.o
  CC       mktime.o
  CC       printf-args.o
  CC       printf-parse.o
  CC       vasnprintf.o
  CC       unicase/libgnu_a-tolower.o
  CC       unictype/libgnu_a-ctype_alnum.o
  CC       unictype/libgnu_a-ctype_alpha.o
  CC       unictype/libgnu_a-ctype_blank.o
  CC       unictype/libgnu_a-ctype_cntrl.o
  CC       unictype/libgnu_a-ctype_digit.o
  CC       unictype/libgnu_a-ctype_graph.o
  CC       unictype/libgnu_a-ctype_lower.o
  CC       unictype/libgnu_a-ctype_print.o
  CC       unictype/libgnu_a-ctype_punct.o
  CC       unictype/libgnu_a-ctype_space.o
  CC       unictype/libgnu_a-ctype_upper.o
  CC       unictype/libgnu_a-ctype_xdigit.o
  CC       unistr/libgnu_a-u32-chr.o
  CC       unistr/libgnu_a-u32-cpy.o
  CC       unistr/libgnu_a-u32-pcpy.o
  CC       unistr/libgnu_a-u32-strcat.o
  CC       unistr/libgnu_a-u32-strlen.o
  AR       libgnu.a
make[5]: Leaving directory '/workspace/examples/qemu-node/output/build/host-cpio-2.15/gnu'
make[4]: Leaving directory '/workspace/examples/qemu-node/output/build/host-cpio-2.15/gnu'
make[3]: Leaving directory '/workspace/examples/qemu-node/output/build/host-cpio-2.15/gnu'
Making all in lib
make[3]: Entering directory '/workspace/examples/qemu-node/output/build/host-cpio-2.15/lib'
  GEN      rmt-command.h
/usr/bin/make  all-am
make[4]: Entering directory '/workspace/examples/qemu-node/output/build/host-cpio-2.15/lib'
  CC       paxexit.o
  CC       paxexit-status.o
  CC       rtapelib.o
  CC       sysdep.o
  CC       paxerror.o
  CC       paxnames.o
  AR       libpax.a
make[4]: Leaving directory '/workspace/examples/qemu-node/output/build/host-cpio-2.15/lib'
make[3]: Leaving directory '/workspace/examples/qemu-node/output/build/host-cpio-2.15/lib'
Making all in rmt
make[3]: Entering directory '/workspace/examples/qemu-node/output/build/host-cpio-2.15/rmt'
  CC       rmt.o
  CCLD     rmt
make[3]: Leaving directory '/workspace/examples/qemu-node/output/build/host-cpio-2.15/rmt'
Making all in src
make[3]: Entering directory '/workspace/examples/qemu-node/output/build/host-cpio-2.15/src'
  CC       copyin.o
  CC       copyout.o
  CC       copypass.o
  CC       defer.o
  CC       dstring.o
  CC       global.o
  CC       fatal.o
  CC       main.o
  CC       tar.o
  CC       util.o
  CC       filemode.o
util.c: In function 'prepare_append':
util.c:653:7: warning: ignoring return value of 'read' declared with attribute 'warn_unused_result' [-Wunused-result]
  653 |       read (out_file_des, tmp_buf, useful_bytes_in_block);
      |       ^~~~~~~~~~~~~~~~~~~~~~~~~~~~~~~~~~~~~~~~~~~~~~~~~~~
  CC       idcache.o
  CC       makepath.o
  CC       userspec.o
  CCLD     cpio
make[3]: Leaving directory '/workspace/examples/qemu-node/output/build/host-cpio-2.15/src'
Making all in po
make[3]: Entering directory '/workspace/examples/qemu-node/output/build/host-cpio-2.15/po'
make[3]: Nothing to be done for 'all'.
make[3]: Leaving directory '/workspace/examples/qemu-node/output/build/host-cpio-2.15/po'
Making all in tests
make[3]: Entering directory '/workspace/examples/qemu-node/output/build/host-cpio-2.15/tests'
make[3]: Nothing to be done for 'all'.
make[3]: Leaving directory '/workspace/examples/qemu-node/output/build/host-cpio-2.15/tests'
make[3]: Entering directory '/workspace/examples/qemu-node/output/build/host-cpio-2.15'
make[3]: Leaving directory '/workspace/examples/qemu-node/output/build/host-cpio-2.15'
make[2]: Leaving directory '/workspace/examples/qemu-node/output/build/host-cpio-2.15'
make[1]: Leaving directory '/workspace/examples/qemu-node/output/build/host-cpio-2.15'
>>> host-cpio 2.15 Installing to host directory
GIT_DIR=. PATH="/workspace/examples/qemu-node/output/host/bin:/workspace/examples/qemu-node/output/host/sbin:/usr/local/sbin:/usr/local/bin:/usr/sbin:/usr/bin:/sbin:/bin" PKG_CONFIG="/workspace/examples/qemu-node/output/host/bin/pkg-config" PKG_CONFIG_SYSROOT_DIR="/" PKG_CONFIG_ALLOW_SYSTEM_CFLAGS=1 PKG_CONFIG_ALLOW_SYSTEM_LIBS=1 PKG_CONFIG_LIBDIR="/workspace/examples/qemu-node/output/host/lib/pkgconfig:/workspace/examples/qemu-node/output/host/share/pkgconfig"  /usr/bin/make  install -C /workspace/examples/qemu-node/output/build/host-cpio-2.15/
make[1]: Entering directory '/workspace/examples/qemu-node/output/build/host-cpio-2.15'
Making install in doc
make[2]: Entering directory '/workspace/examples/qemu-node/output/build/host-cpio-2.15/doc'
make[3]: Entering directory '/workspace/examples/qemu-node/output/build/host-cpio-2.15/doc'
make[3]: Nothing to be done for 'install-exec-am'.
 /usr/bin/mkdir -p '/workspace/examples/qemu-node/output/host/share/info'
 /usr/bin/mkdir -p '/workspace/examples/qemu-node/output/host/share/man/man1'
 /usr/bin/mkdir -p '/workspace/examples/qemu-node/output/host/share/man/man8'
 /usr/bin/install -c -m 644 cpio.1 '/workspace/examples/qemu-node/output/host/share/man/man1'
 /usr/bin/install -c -m 644 rmt.8 '/workspace/examples/qemu-node/output/host/share/man/man8'
 /usr/bin/install -c -m 644 ./cpio.info '/workspace/examples/qemu-node/output/host/share/info'
make[3]: Leaving directory '/workspace/examples/qemu-node/output/build/host-cpio-2.15/doc'
make[2]: Leaving directory '/workspace/examples/qemu-node/output/build/host-cpio-2.15/doc'
Making install in gnu
make[2]: Entering directory '/workspace/examples/qemu-node/output/build/host-cpio-2.15/gnu'
/usr/bin/make  install-recursive
make[3]: Entering directory '/workspace/examples/qemu-node/output/build/host-cpio-2.15/gnu'
make[4]: Entering directory '/workspace/examples/qemu-node/output/build/host-cpio-2.15/gnu'
make[5]: Entering directory '/workspace/examples/qemu-node/output/build/host-cpio-2.15/gnu'
make[5]: Nothing to be done for 'install-exec-am'.
make[5]: Nothing to be done for 'install-data-am'.
make[5]: Leaving directory '/workspace/examples/qemu-node/output/build/host-cpio-2.15/gnu'
make[4]: Leaving directory '/workspace/examples/qemu-node/output/build/host-cpio-2.15/gnu'
make[3]: Leaving directory '/workspace/examples/qemu-node/output/build/host-cpio-2.15/gnu'
make[2]: Leaving directory '/workspace/examples/qemu-node/output/build/host-cpio-2.15/gnu'
Making install in lib
make[2]: Entering directory '/workspace/examples/qemu-node/output/build/host-cpio-2.15/lib'
/usr/bin/make  install-am
make[3]: Entering directory '/workspace/examples/qemu-node/output/build/host-cpio-2.15/lib'
make[4]: Entering directory '/workspace/examples/qemu-node/output/build/host-cpio-2.15/lib'
make[4]: Nothing to be done for 'install-exec-am'.
make[4]: Nothing to be done for 'install-data-am'.
make[4]: Leaving directory '/workspace/examples/qemu-node/output/build/host-cpio-2.15/lib'
make[3]: Leaving directory '/workspace/examples/qemu-node/output/build/host-cpio-2.15/lib'
make[2]: Leaving directory '/workspace/examples/qemu-node/output/build/host-cpio-2.15/lib'
Making install in rmt
make[2]: Entering directory '/workspace/examples/qemu-node/output/build/host-cpio-2.15/rmt'
make[3]: Entering directory '/workspace/examples/qemu-node/output/build/host-cpio-2.15/rmt'
make[3]: Nothing to be done for 'install-exec-am'.
 /usr/bin/mkdir -p '/workspace/examples/qemu-node/output/host/libexec'
  /usr/bin/install -c rmt '/workspace/examples/qemu-node/output/host/libexec'
make[3]: Leaving directory '/workspace/examples/qemu-node/output/build/host-cpio-2.15/rmt'
make[2]: Leaving directory '/workspace/examples/qemu-node/output/build/host-cpio-2.15/rmt'
Making install in src
make[2]: Entering directory '/workspace/examples/qemu-node/output/build/host-cpio-2.15/src'
make[3]: Entering directory '/workspace/examples/qemu-node/output/build/host-cpio-2.15/src'
make[3]: Nothing to be done for 'install-data-am'.
 /usr/bin/mkdir -p '/workspace/examples/qemu-node/output/host/bin'
  /usr/bin/install -c cpio '/workspace/examples/qemu-node/output/host/bin'
make[3]: Leaving directory '/workspace/examples/qemu-node/output/build/host-cpio-2.15/src'
make[2]: Leaving directory '/workspace/examples/qemu-node/output/build/host-cpio-2.15/src'
Making install in po
make[2]: Entering directory '/workspace/examples/qemu-node/output/build/host-cpio-2.15/po'
if test "cpio" = "gettext-tools"; then \
  /usr/bin/mkdir -p /workspace/examples/qemu-node/output/host/share/gettext/po; \
  for file in Makefile.in.in remove-potcdate.sin quot.sed boldquot.sed en@quot.header en@boldquot.header insert-header.sin Rules-quot   Makevars.template; do \
    /usr/bin/install -c -m 644 ./$file \
		    /workspace/examples/qemu-node/output/host/share/gettext/po/$file; \
  done; \
  for file in Makevars; do \
    rm -f /workspace/examples/qemu-node/output/host/share/gettext/po/$file; \
  done; \
else \
  : ; \
fi
make[2]: Leaving directory '/workspace/examples/qemu-node/output/build/host-cpio-2.15/po'
Making install in tests
make[2]: Entering directory '/workspace/examples/qemu-node/output/build/host-cpio-2.15/tests'
make[3]: Entering directory '/workspace/examples/qemu-node/output/build/host-cpio-2.15/tests'
make[3]: Nothing to be done for 'install-exec-am'.
make[3]: Nothing to be done for 'install-data-am'.
make[3]: Leaving directory '/workspace/examples/qemu-node/output/build/host-cpio-2.15/tests'
make[2]: Leaving directory '/workspace/examples/qemu-node/output/build/host-cpio-2.15/tests'
make[2]: Entering directory '/workspace/examples/qemu-node/output/build/host-cpio-2.15'
make[3]: Entering directory '/workspace/examples/qemu-node/output/build/host-cpio-2.15'
make[3]: Nothing to be done for 'install-exec-am'.
make[3]: Nothing to be done for 'install-data-am'.
make[3]: Leaving directory '/workspace/examples/qemu-node/output/build/host-cpio-2.15'
make[2]: Leaving directory '/workspace/examples/qemu-node/output/build/host-cpio-2.15'
make[1]: Leaving directory '/workspace/examples/qemu-node/output/build/host-cpio-2.15'
>>> host-m4 1.4.21 Downloading
wget -nd -t 3 --connect-timeout=10 -O '/workspace/examples/qemu-node/output/build/.m4-1.4.21.tar.xz.gwfyuH/output' 'https://ftpmirror.gnu.org/m4/m4-1.4.21.tar.xz' 
--2026-09-06 15:27:57--  https://ftpmirror.gnu.org/m4/m4-1.4.21.tar.xz
Resolving ftpmirror.gnu.org (ftpmirror.gnu.org)... 209.51.188.200, 2001:470:142:5::200
Connecting to ftpmirror.gnu.org (ftpmirror.gnu.org)|209.51.188.200|:443... connected.
HTTP request sent, awaiting response... 504 Gateway Time-out
Retrying.

--2026-09-06 15:29:19--  (try: 2)  https://ftpmirror.gnu.org/m4/m4-1.4.21.tar.xz
Reusing existing connection to ftpmirror.gnu.org:443.
HTTP request sent, awaiting response... 504 Gateway Time-out
Retrying.

--2026-09-06 15:30:32--  (try: 3)  https://ftpmirror.gnu.org/m4/m4-1.4.21.tar.xz
Reusing existing connection to ftpmirror.gnu.org:443.
HTTP request sent, awaiting response... 504 Gateway Time-out
Giving up.

wget -nd -t 3 --connect-timeout=10 -O '/workspace/examples/qemu-node/output/build/.m4-1.4.21.tar.xz.AH9j1S/output' 'https://sources.buildroot.net/m4/m4-1.4.21.tar.xz' 
--2026-09-06 15:31:32--  https://sources.buildroot.net/m4/m4-1.4.21.tar.xz
Resolving sources.buildroot.net (sources.buildroot.net)... 104.26.0.37, 104.26.1.37, 172.67.72.56, ...
Connecting to sources.buildroot.net (sources.buildroot.net)|104.26.0.37|:443... connected.
HTTP request sent, awaiting response... 200 OK
Length: 2080016 (2.0M) [application/x-xz]
Saving to: '/workspace/examples/qemu-node/output/build/.m4-1.4.21.tar.xz.AH9j1S/output'

     0K .......... .......... .......... .......... ..........  2% 14.6M 0s
    50K .......... .......... .......... .......... ..........  4% 9.44M 0s
   100K .......... .......... .......... .......... ..........  7% 25.2M 0s
   150K .......... .......... .......... .......... ..........  9% 17.5M 0s
   200K .......... .......... .......... .......... .......... 12% 14.5M 0s
   250K .......... .......... .......... .......... .......... 14% 64.6M 0s
   300K .......... .......... .......... .......... .......... 17% 43.6M 0s
   350K .......... .......... .......... .......... .......... 19% 74.5M 0s
   400K .......... .......... .......... .......... .......... 22% 41.7M 0s
   450K .......... .......... .......... .......... .......... 24% 33.1M 0s
   500K .......... .......... .......... .......... .......... 27% 79.0M 0s
   550K .......... .......... .......... .......... .......... 29% 11.0M 0s
   600K .......... .......... .......... .......... .......... 31% 70.3M 0s
   650K .......... .......... .......... .......... .......... 34%  188M 0s
   700K .......... .......... .......... .......... .......... 36%  208M 0s
   750K .......... .......... .......... .......... .......... 39%  109M 0s
   800K .......... .......... .......... .......... .......... 41% 93.2M 0s
   850K .......... .......... .......... .......... .......... 44%  270M 0s
   900K .......... .......... .......... .......... .......... 46%  241M 0s
   950K .......... .......... .......... .......... .......... 49%  221M 0s
  1000K .......... .......... .......... .......... .......... 51% 44.7M 0s
  1050K .......... .......... .......... .......... .......... 54% 28.8M 0s
  1100K .......... .......... .......... .......... .......... 56%  205M 0s
  1150K .......... .......... .......... .......... .......... 59%  270M 0s
  1200K .......... .......... .......... .......... .......... 61% 66.9M 0s
  1250K .......... .......... .......... .......... .......... 63% 42.8M 0s
  1300K .......... .......... .......... .......... .......... 66% 58.1M 0s
  1350K .......... .......... .......... .......... .......... 68% 28.7M 0s
  1400K .......... .......... .......... .......... .......... 71% 17.1M 0s
  1450K .......... .......... .......... .......... .......... 73% 29.8M 0s
  1500K .......... .......... .......... .......... .......... 76% 56.0M 0s
  1550K .......... .......... .......... .......... .......... 78% 72.1M 0s
  1600K .......... .......... .......... .......... .......... 81% 62.8M 0s
  1650K .......... .......... .......... .......... .......... 83%  392M 0s
  1700K .......... .......... .......... .......... .......... 86%  417M 0s
  1750K .......... .......... .......... .......... .......... 88%  418M 0s
  1800K .......... .......... .......... .......... .......... 91%  348M 0s
  1850K .......... .......... .......... .......... .......... 93%  431M 0s
  1900K .......... .......... .......... .......... .......... 95%  422M 0s
  1950K .......... .......... .......... .......... .......... 98%  335M 0s
  2000K .......... .......... .......... .                    100%  112M=0.05s

2026-09-06 15:31:32 (43.9 MB/s) - '/workspace/examples/qemu-node/output/build/.m4-1.4.21.tar.xz.AH9j1S/output' saved [2080016/2080016]

m4-1.4.21.tar.xz: OK (sha256: f25c6ab51548a73a75558742fb031e0625d6485fe5f9155949d6486a2408ab66)
>>> host-m4 1.4.21 Extracting
xzcat /workspace/examples/qemu-node/dl/m4/m4-1.4.21.tar.xz | tar --strip-components=1 -C /workspace/examples/qemu-node/output/build/host-m4-1.4.21   -xf -
>>> host-m4 1.4.21 Patching
>>> host-m4 1.4.21 Updating config.sub and config.guess
for file in config.guess config.sub; do for i in $(find /workspace/examples/qemu-node/output/build/host-m4-1.4.21 -name $file); do cp support/gnuconfig/$file $i; done; done
>>> host-m4 1.4.21 Patching libtool
>>> host-m4 1.4.21 Configuring
(cd /workspace/examples/qemu-node/output/build/host-m4-1.4.21/ && rm -rf config.cache; GIT_DIR=. PATH="/workspace/examples/qemu-node/output/host/bin:/workspace/examples/qemu-node/output/host/sbin:/usr/local/sbin:/usr/local/bin:/usr/sbin:/usr/bin:/sbin:/bin" PKG_CONFIG="/workspace/examples/qemu-node/output/host/bin/pkg-config" PKG_CONFIG_SYSROOT_DIR="/" PKG_CONFIG_ALLOW_SYSTEM_CFLAGS=1 PKG_CONFIG_ALLOW_SYSTEM_LIBS=1 PKG_CONFIG_LIBDIR="/workspace/examples/qemu-node/output/host/lib/pkgconfig:/workspace/examples/qemu-node/output/host/share/pkgconfig" AR="/usr/bin/ar" AS="/usr/bin/as" LD="/usr/bin/ld" NM="/usr/bin/nm" CC="/usr/bin/gcc" GCC="/usr/bin/gcc" CXX="/usr/bin/g++" CPP="/usr/bin/cpp" OBJCOPY="/usr/bin/objcopy" RANLIB="/usr/bin/ranlib" CPPFLAGS="-I/workspace/examples/qemu-node/output/host/include" CFLAGS="-O2 -I/workspace/examples/qemu-node/output/host/include" CXXFLAGS="-O2 -I/workspace/examples/qemu-node/output/host/include" LDFLAGS="-L/workspace/examples/qemu-node/output/host/lib -Wl,-rpath,/workspace/examples/qemu-node/output/host/lib" INTLTOOL_PERL=/usr/bin/perl  CONFIG_SITE=/dev/null ./configure --prefix="/workspace/examples/qemu-node/output/host" --sysconfdir="/workspace/examples/qemu-node/output/host/etc" --localstatedir="/workspace/examples/qemu-node/output/host/var" --enable-shared --disable-static --disable-gtk-doc --disable-gtk-doc-html --disable-doc --disable-docs --disable-documentation --disable-debug --with-xmlto=no --with-fop=no --disable-nls --disable-dependency-tracking   )
configure: WARNING: unrecognized options: --enable-shared, --disable-static, --disable-gtk-doc, --disable-gtk-doc-html, --disable-doc, --disable-docs, --disable-documentation, --disable-debug, --with-xmlto, --with-fop
checking for a BSD-compatible install... /usr/bin/install -c
checking whether sleep supports fractional seconds... yes
checking filesystem timestamp resolution... 0.01
checking whether build environment is sane... yes
checking for a race-free mkdir -p... /usr/bin/mkdir -p
checking for gawk... no
checking for mawk... mawk
checking whether make sets $(MAKE)... yes
checking whether make supports nested variables... yes
checking xargs -n works... yes
checking whether UID '501' is supported by ustar format... yes
checking whether GID '20' is supported by ustar format... yes
checking how to create a ustar tar archive... gnutar
checking for gcc... /usr/bin/gcc
checking whether the C compiler works... yes
checking for C compiler default output file name... a.out
checking for suffix of executables... 
checking whether we are cross compiling... no
checking for suffix of object files... o
checking whether the compiler supports GNU C... yes
checking whether /usr/bin/gcc accepts -g... yes
checking for /usr/bin/gcc option to enable C23 features... unsupported
checking for /usr/bin/gcc option to enable C11 features... none needed
checking whether /usr/bin/gcc understands -c and -o together... yes
checking whether the compiler is clang... no
checking for compiler option needed when checking for declarations... none
checking whether make supports the include directive... yes (GNU style)
checking dependency style of /usr/bin/gcc... none
checking for stdio.h... yes
checking for stdlib.h... yes
checking for string.h... yes
checking for inttypes.h... yes
checking for stdint.h... yes
checking for strings.h... yes
checking for sys/stat.h... yes
checking for sys/types.h... yes
checking for unistd.h... yes
checking for wchar.h... yes
checking for minix/config.h... no
checking for stdbool.h... yes
checking for uchar.h... yes
checking for sys/param.h... yes
checking for sys/socket.h... yes
checking for dirent.h... yes
checking for error.h... yes
checking for stdio_ext.h... yes
checking for threads.h... yes
checking for xlocale.h... no
checking for langinfo.h... yes
checking for getopt.h... yes
checking for sys/process.h... no
checking for iconv.h... yes
checking for limits.h... yes
checking for crtdefs.h... no
checking for wctype.h... yes
checking for math.h... yes
checking for sys/mman.h... yes
checking for obstack.h... yes
checking for pthread.h... yes
checking for malloc.h... yes
checking for spawn.h... yes
checking for libcx/spawn2.h... no
checking for sys/time.h... yes
checking for stdckdint.h... no
checking for sys/random.h... yes
checking for sys/wait.h... yes
checking for features.h... yes
checking for arpa/inet.h... yes
checking for semaphore.h... yes
checking for netdb.h... yes
checking for netinet/in.h... yes
checking for sys/select.h... yes
checking for sys/ioctl.h... yes
checking for sys/un.h... yes
checking for sys/uio.h... yes
checking whether it is safe to define __EXTENSIONS__... yes
checking whether _XOPEN_SOURCE should be defined... no
checking build system type... aarch64-unknown-linux-gnu
checking host system type... aarch64-unknown-linux-gnu
checking how to run the C preprocessor... /usr/bin/cpp
checking for egrep -e... /usr/bin/grep -E
checking for Minix Amsterdam compiler... no
checking for ar... /usr/bin/ar
checking whether to use C++... no
checking for /usr/bin/gcc option to support large files... none needed
configure: autobuild project... GNU M4
configure: autobuild revision... 1.4.21
configure: autobuild hostname... cafadd5c8e3f
date: Warning: using $SOURCE_DATE_EPOCH instead of true time
configure: autobuild timestamp... 20260906T141620Z
checking for timestamps of last git commit... touch skipped
checking for unsigned long long int... yes
checking for long long int... yes
checking for unsigned long long int... (cached) yes
checking for lstat... yes
checking for btowc... yes
checking for mbrtowc... yes
checking for mbsinit... yes
checking for canonicalize_file_name... yes
checking for realpath... yes
checking for _set_invalid_parameter_handler... no
checking for fchdir... yes
checking for fcntl... yes
checking for symlink... yes
checking for fdopendir... yes
checking for fpurge... no
checking for fstatat... yes
checking for getdtablesize... yes
checking for getlocalename_l... no
checking for getexecname... no
checking for iswcntrl... yes
checking for mbslen... no
checking for mprotect... yes
checking for mkstemp... yes
checking for openat... yes
checking for pipe... yes
checking for posix_spawn_file_actions_addchdir... no
checking for readlink... yes
checking for isblank... yes
checking for iswctype... yes
checking for link... yes
checking for secure_getenv... yes
checking for getuid... yes
checking for geteuid... yes
checking for getgid... yes
checking for getegid... yes
checking for sigaction... yes
checking for sigaltstack... yes
checking for siginterrupt... yes
checking for setrlimit... yes
checking for getrlimit... yes
checking for snprintf... yes
checking for __xpg_strerror_r... yes
checking for vasnprintf... no
checking for wcrtomb... yes
checking for wcwidth... yes
checking for gettimeofday... yes
checking for memset_s... no
checking for pselect... yes
checking for pthread_sigmask... yes
checking for setenv... yes
checking for sleep... yes
checking for shutdown... yes
checking for mquery... no
checking for pstat_getprocvm... no
checking for wctob... yes
checking for size_t... yes
checking for working alloca.h... yes
checking for alloca... yes
checking whether the preprocessor supports include_next... yes
checking whether source code line length is unlimited... yes
checking for inline... inline
checking for wint_t... yes
checking whether wint_t is large enough... yes
checking whether <wchar.h> uses 'inline' correctly... yes
checking for nl_langinfo and CODESET... yes
checking for a traditional french locale... none
checking for ld... /usr/bin/ld
checking if the linker (/usr/bin/ld) is GNU ld... yes
checking for shared library run path origin... done
checking 32-bit host C ABI... no
checking for ELF binary format... yes
checking for the common suffixes of directories in the library search path... lib,lib,lib
checking whether char8_t is correctly defined... yes
checking whether char16_t is correctly defined... yes
checking whether char32_t is correctly defined... yes
checking for bit size of wchar_t... 32
checking for mbstate_t... yes
checking for a traditional japanese locale... none
checking for an english Unicode locale... none
checking for a transitional chinese locale... none
checking whether mbrtowc handles incomplete characters... guessing yes
checking whether mbrtowc works as well as mbtowc... guessing yes
checking for /usr/bin/gcc options to detect undeclared functions... none needed
checking for /usr/bin/gcc options to ignore future-version functions... none needed
checking whether mbrtoc32 is declared... yes
checking for mbrtoc32... yes
checking whether mbrtoc32 works as well as mbrtowc... guessing yes
checking whether c32rtomb is declared... yes
checking for c32rtomb... yes
checking whether c32rtomb works as well as wcrtomb... guessing yes
checking whether malloc is ptrdiff_t safe... yes
checking whether malloc, calloc set errno on failure... yes
checking whether lstat correctly handles trailing slash... yes
checking whether // is distinct from /... no
checking whether realpath works... yes
checking for faccessat... yes
checking for getcwd... yes
checking if environ is properly declared... yes
checking for complete errno.h... yes
checking for error... yes
checking whether error_at_line is declared... yes
checking for error_at_line... yes
checking for working error function... yes
checking whether strerror_r is declared... yes
checking whether strerror_r returns char *... yes
checking for mode_t... yes
checking whether ctype.h defines __header_inline... no
checking for sig_atomic_t... yes
checking whether fchdir is declared... yes
checking whether fflush works on input streams... no
checking for working fcntl.h... yes
checking for pid_t... yes
checking for mempcpy... yes
checking for eaccess... yes
checking whether byte ordering is bigendian... no
checking whether fopen recognizes a trailing slash... yes
checking whether frexp() can be used without linking with libm... yes
checking whether alarm is declared... yes
checking whether long double and double are the same... no
checking whether stdin defaults to large file offsets... yes
checking for off64_t... yes
checking for blksize_t... yes
checking for blkcnt_t... yes
checking whether fseeko is declared... yes
checking for fseeko... yes
checking whether fflush works on input streams... (cached) no
checking whether stat file-mode macros are broken... no
checking for C/C++ restrict keyword... __restrict__
checking for nlink_t... yes
checking whether ftello is declared... yes
checking whether ungetc works on arbitrary bytes... yes
checking for ftello... yes
checking whether ftello works... yes
checking whether getcwd (NULL, 0) allocates memory for result... yes
checking for getcwd with POSIX signature... yes
checking whether getcwd is declared... yes
checking whether getdtablesize is declared... yes
checking for pthread.h... (cached) yes
checking for pthread_kill in -lpthread... yes
checking whether POSIX threads API is available... yes
checking whether setlocale (LC_ALL, NULL) is multithread-safe... yes
checking whether setlocale (category, NULL) is multithread-safe... yes
checking whether locale.h defines locale_t... yes
checking for uselocale... yes
checking whether uselocale works... yes
checking for fake locale system (OpenBSD, Android)... no
checking for Solaris 11.4 locale system... no
checking for getopt.h... (cached) yes
checking for getopt_long_only... yes
checking whether getopt is POSIX compatible... yes
checking for working GNU getopt function... yes
checking for working GNU getopt_long function... yes
checking for glibc-compatible sys/cdefs.h... yes
checking host CPU and C ABI... arm64
checking for iconv... yes
checking for working iconv... yes
checking whether iconv is compatible with its POSIX signature... yes
checking whether limits.h has WORD_BIT, BOOL_WIDTH etc.... yes
checking whether limits.h has SSIZE_MAX... yes
checking whether the compiler produces multi-arch binaries... no
checking whether stdint.h conforms to C99... yes
checking whether stdint.h works without ISO C predefines... yes
checking whether stdint.h has UINTMAX_WIDTH etc.... yes
checking whether INT32_MAX < INTMAX_MAX... yes
checking whether INT64_MAX == LONG_MAX... yes
checking whether UINT32_MAX < UINTMAX_MAX... yes
checking whether UINT64_MAX == ULONG_MAX... yes
checking where to find the exponent in a 'double'... word 1 bit 20
checking where to find the exponent in a 'float'... word 0 bit 23
checking where to find the exponent in a 'long double'... word 3 bit 16
checking whether iswcntrl works... yes
checking for towlower... yes
checking for wctype_t... yes
checking for wctrans_t... yes
checking whether wctype supports the "blank" and "punct" character classes... yes
checking whether langinfo.h defines CODESET... yes
checking whether langinfo.h defines ALTMON_1... yes
checking whether langinfo.h defines ABALTMON_1... no
checking whether langinfo.h defines ERA... yes
checking for good max_align_t... yes
checking whether NULL can be used in arbitrary expressions... yes
checking for unreachable in C... no
checking whether nullptr_t needs <stddef.h>... no
checking whether <stddef.h> is idempotent... guessing no
checking whether locale.h defines _locale_t... no
checking whether locale.h conforms to POSIX:2001... yes
checking whether struct lconv is properly defined... yes
checking for CFPreferencesCopyAppValue... no
checking for CFLocaleCopyPreferredLanguages... no
checking for LC_MESSAGES... yes
checking for multithread API to use... none
checking for a sed that does not truncate output... /usr/bin/sed
checking for grep that handles long lines and -e... /usr/bin/grep
checking whether malloc (0) returns nonnull... yes
checking whether NAN macro works... yes
checking whether HUGE_VAL works... yes
checking for MAP_ANONYMOUS... yes
checking whether memchr works... yes
checking whether memrchr is declared... yes
checking whether <limits.h> defines MIN and MAX... no
checking whether <sys/param.h> defines MIN and MAX... yes
checking for obstacks that work with any size object... no
checking for O_CLOEXEC... yes
checking for promoted mode_t type... mode_t
checking for library containing posix_spawn... none required
checking for posix_spawn... yes
checking whether posix_spawn is declared... yes
checking for posix_spawn_file_actions_addchdir_np... yes
checking whether posix_spawn works... yes
checking whether posix_spawn rejects scripts without shebang... yes
checking whether posix_spawnp rejects scripts without shebang... yes
checking whether posix_spawnattr_setschedpolicy is supported... yes
checking whether posix_spawnattr_setschedparam is supported... yes
checking for pthread_t... yes
checking for pthread_spinlock_t... yes
checking for pthread_spin_init... yes
checking for sigset_t... yes
checking for SIGPIPE... yes
checking whether realloc should abort upon undefined behaviour... no
checking for sched.h... yes
checking for struct sched_param... yes
checking for uid_t... yes
checking for gid_t... yes
checking for volatile sig_atomic_t... yes
checking for sighandler_t... yes
checking for egrep... /usr/bin/grep -E
checking whether C symbols are prefixed with underscore at the linker level... no
checking whether snprintf returns a byte count as in C99... yes
checking whether printf supports POSIX/XSI format strings with positions... yes
checking whether snprintf is declared... yes
checking for posix_spawnattr_t... yes
checking for posix_spawn_file_actions_t... yes
checking for __sync_bool_compare_and_swap... yes
checking whether fcloseall is declared... yes
checking whether getw is declared... yes
checking whether putw is declared... yes
checking which flavor of printf attribute matches inttypes macros... system
checking whether ecvt is declared... yes
checking whether fcvt is declared... yes
checking whether gcvt is declared... yes
checking whether MB_CUR_MAX is correct... guessing yes
checking for compiler option needed when checking for future declarations... none
checking whether strdup is declared... yes
checking whether strerror(0) succeeds... yes
checking for strerror_r... yes
checking for strerror_r with POSIX signature... no
checking whether __xpg_strerror_r works... yes
checking whether streq is declared... no
checking whether memeq is declared... no
checking whether strncpy works... yes
checking whether strnlen is declared... yes
checking whether strsignal is declared... yes
checking whether strstr works... yes
checking whether ldexp() can be used without linking with libm... yes
checking for struct timespec in <time.h>... yes
checking for TIME_UTC in <time.h>... yes
checking whether execvpe is declared... yes
checking whether clearerr_unlocked is declared... yes
checking whether feof_unlocked is declared... yes
checking whether ferror_unlocked is declared... yes
checking whether fflush_unlocked is declared... yes
checking whether fgets_unlocked is declared... yes
checking whether fileno_unlocked is declared... yes
checking whether fputc_unlocked is declared... yes
checking whether fputs_unlocked is declared... yes
checking whether fread_unlocked is declared... yes
checking whether fwrite_unlocked is declared... yes
checking whether getc_unlocked is declared... yes
checking whether getchar_unlocked is declared... yes
checking whether putc_unlocked is declared... yes
checking whether putchar_unlocked is declared... yes
checking for inttypes.h... yes
checking for stdint.h... yes
checking for intmax_t... yes
checking whether snprintf truncates the result as in C99... yes
checking for wcslen... yes
checking for snprintf... (cached) yes
checking for strnlen... yes
checking for wcrtomb... (cached) yes
checking whether _snprintf is declared... no
checking whether printf supports size specifiers as in C99... yes
checking whether printf supports size specifiers as in C23... yes
checking whether printf supports 'long double' arguments... yes
checking whether printf supports infinite 'double' arguments... yes
checking whether printf supports infinite 'long double' arguments... yes
checking whether printf supports the 'a' and 'A' directives... yes
checking whether printf supports the 'b' directive... yes
checking whether printf supports the 'F' directive... yes
checking whether printf supports the 'ls' directive... yes
checking whether printf supports the 'lc' directive correctly... yes
checking whether printf supports the grouping flag... yes
checking whether printf supports grouping on integers with a precision... guessing yes
checking whether printf supports grouping with a multibyte separator... guessing yes
checking whether printf supports the left-adjust flag correctly... yes
checking whether printf supports the zero flag correctly... yes
checking whether printf supports the alternative flag with a zero precision... yes
checking whether printf supports large precisions... yes
checking whether printf survives out-of-memory conditions... yes
checking for vasprintf... yes
checking whether wcsdup is declared... yes
checking for strerrorname_np... yes
checking whether strerrorname_np works... yes
checking for C compiler option to allow warnings... -Wno-error
checking whether <sys/socket.h> is self-contained... yes
checking for shutdown... (cached) yes
checking whether <sys/socket.h> defines the SHUT_* macros... yes
checking for struct sockaddr_storage... yes
checking for sa_family_t... yes
checking for struct sockaddr_storage.ss_family... yes
checking for library needed for semaphore functions... none
checking for a french Unicode locale... none
checking for a turkish Unicode locale... none
checking whether frexp works... yes
checking whether frexpl is declared... yes
checking whether frexpl() can be used without linking with libm... yes
checking whether frexpl works... yes
checking for struct timeval... yes
checking for wide-enough struct timeval.tv_sec member... yes
checking for IPv4 sockets... yes
checking for IPv6 sockets... yes
checking for off_t... yes
checking whether <sys/select.h> is self-contained... yes
checking whether _putenv is declared... no
checking whether initstate is declared... yes
checking whether setstate is declared... yes
checking for library containing setsockopt... none needed
checking whether setenv is declared... yes
checking for search.h... yes
checking for tsearch... yes
checking whether <sys/ioctl.h> declares ioctl... yes
checking whether unsetenv is declared... yes
checking whether access honors trailing slash... yes
checking for alignas and alignof... yes, <stdalign.h> macros
checking for alloca as a compiler built-in... yes
checking whether to enable assertions... yes
checking for static_assert... yes, an <assert.h> macro
checking for bool, true, false... no
checking whether btowc(0) is correct... yes
checking whether btowc is consistent with mbrtowc in the C locale... no
checking for __builtin_expect... yes
checking whether calloc (0, n) and calloc (n, 0) return nonnull... yes
checking for faccessat... (cached) yes
checking whether this system supports file names of any length... no
checking for library containing clock_gettime... none required
checking for clock_getres... yes
checking for clock_gettime... yes
checking for clock_settime... yes
checking for closedir... yes
checking for d_ino member in directory struct... yes
checking for dirfd... yes
checking whether dirfd is declared... yes
checking whether dirfd is a macro... no
checking whether // is distinct from /... (cached) no
checking whether dup works... yes
checking whether dup2 works... yes
checking whether fcntl handles F_DUPFD correctly... yes
checking whether fcntl understands F_DUPFD_CLOEXEC... needs runtime check
checking whether fdopendir is declared... yes
checking whether fdopendir works... yes
checking whether fflush works on input streams... (cached) no
checking for mempcpy... (cached) yes
checking for flexible array member... yes
checking whether float.h conforms to ISO C23... no
checking whether conversion from 'int' to 'long double' works... yes
checking whether fopen supports the mode character 'x'... yes
checking whether fopen supports the mode character 'e'... yes
checking for __fpending... yes
checking whether __fpending is declared... yes
checking for __fpurge... yes
checking whether fpurge is declared... no
checking for __freadahead... no
checking for __freading... yes
checking whether free is known to preserve errno... yes
checking whether frexp works... (cached) yes
checking whether frexpl is declared... (cached) yes
checking whether frexpl() can be used without linking with libm... (cached) yes
checking whether frexpl works... (cached) yes
checking for fseeko... (cached) yes
checking whether fflush works on input streams... (cached) no
checking for _fseeki64... no
checking for __fseterr... no
checking whether fstatat (..., 0) works... yes
checking for ftello... (cached) yes
checking whether ftello works... (cached) yes
checking whether getcwd handles long file names properly... yes
checking whether getcwd succeeds when 4k < cwd_length < 16k... yes
checking whether getdtablesize works... yes
checking for newlocale... yes
checking for duplocale... yes
checking for freelocale... yes
checking for newlocale... (cached) yes
checking for duplocale... (cached) yes
checking for freelocale... (cached) yes
checking for getpagesize... yes
checking whether getpagesize is declared... yes
checking for getprogname... no
checking whether program_invocation_name is declared... yes
checking whether program_invocation_name is declared... (cached) yes
checking whether program_invocation_short_name is declared... yes
checking whether __argv is declared... no
checking for getrandom... yes
checking whether getrandom is compatible with its GNU+BSD signature... yes
checking whether the compiler generally respects inline... yes
checking whether isinf is declared... yes
checking whether isinf(long double) works... yes
checking whether isnan(double) can be used without linking with libm... yes
checking whether isnan(float) can be used without linking with libm... yes
checking whether isnan(float) works... yes
checking whether isnan(long double) can be used without linking with libm... yes
checking whether isnanl works... yes
checking for iswblank... yes
checking whether iswblank is declared... yes
checking whether iswdigit is ISO C compliant... guessing yes
checking whether iswpunct is consistent with ispunct... yes
checking whether iswxdigit is ISO C compliant... guessing yes
checking whether the compiler supports the __inline keyword... yes
checking whether localeconv works... yes
checking whether lseek detects pipes... yes
checking whether SEEK_DATA works but is incompatible with GNU... no
checking whether mbrtoc32 works on empty input... yes
checking whether the C locale is free of encoding errors... no
checking whether mbrtoc32 works in an UTF-8 locale... yes
checking whether mbrtowc handles a NULL pwc argument... guessing yes
checking whether mbrtowc has a correct return value... guessing yes
checking whether mbrtowc returns 0 when parsing a NUL character... guessing yes
checking whether mbrtowc stores incomplete characters... guessing no
checking whether mbrtowc works on empty input... yes
checking whether the C locale is free of encoding errors... no
checking for mbtowc... yes
checking for mempcpy... (cached) yes
checking for memrchr... yes
checking whether mkdir handles trailing slash... yes
checking whether mkdir handles trailing dot... yes
checking for mkdtemp... yes
checking for working mkstemp... yes
checking for nl_langinfo... yes
checking whether open recognizes a trailing slash... yes
checking for opendir... yes
checking for pipe2... yes
checking for posix_spawn_file_actions_addchdir_np... (cached) yes
checking whether posix_spawn_file_actions_addclose works... yes
checking whether posix_spawn_file_actions_adddup2 works... yes
checking whether posix_spawn_file_actions_addopen works... yes
checking whether frexp works... (cached) yes
checking whether ldexp can be used without linking with libm... (cached) yes
checking whether frexpl() can be used without linking with libm... (cached) yes
checking whether frexpl works... (cached) yes
checking whether frexpl is declared... (cached) yes
checking whether ldexpl() can be used without linking with libm... yes
checking whether ldexpl works... yes
checking whether ldexpl is declared... yes
checking whether program_invocation_name is declared... (cached) yes
checking whether program_invocation_short_name is declared... (cached) yes
checking for PTHREAD_CREATE_DETACHED... yes
checking for PTHREAD_MUTEX_RECURSIVE... yes
checking for PTHREAD_MUTEX_ROBUST... yes
checking for PTHREAD_PROCESS_SHARED... yes
checking whether pthread_once works... yes
checking for raise... yes
checking for sigprocmask... yes
checking for rawmemchr... yes
checking for readdir... yes
checking whether readlink signature is correct... yes
checking whether readlink handles trailing slash correctly... yes
checking whether readlink truncates results correctly... yes
checking whether realloc sets errno on failure... yes
checking whether realloc (..., 0) returns nonnull... no
checking for reallocarray... yes
checking for working re_compile_pattern... yes
checking whether rename honors trailing slash on destination... yes
checking whether rename honors trailing slash on source... yes
checking whether rename manages hard links correctly... yes
checking whether rename manages existing destinations correctly... yes
checking for rewinddir... yes
checking whether rmdir works... yes
checking for struct sigaction.sa_sigaction... yes
checking for signbit macro... yes
checking for signbit compiler built-ins... yes
checking for sigprocmask... (cached) yes
checking for stack direction... grows down
checking for stack_t... yes
checking for working sigaltstack... yes
checking for stdint.h... (cached) yes
checking for SIZE_MAX... yes
checking for snprintf... (cached) yes
checking whether snprintf respects a size of 1... yes
checking for ssize_t... yes
checking whether stat handles trailing slashes on files... yes
checking for struct stat.st_atim.tv_nsec... yes
checking whether struct stat.st_atim is of type struct timespec... yes
checking for struct stat.st_birthtimespec.tv_nsec... no
checking for struct stat.st_birthtimensec... no
checking for struct stat.st_birthtim.tv_nsec... no
checking for va_copy... yes
checking for vasprintf... (cached) yes
checking for stpcpy... yes
checking for strchrnul... yes
checking whether strchrnul works... yes
checking for working strerror function... yes
checking for working strnlen... yes
checking for strsignal... yes
checking whether strsignal always returns a string... yes
checking whether strstr works in linear time... yes
checking whether strstr works... (cached) yes
checking whether strtod obeys C99... yes
checking for sys/single_threaded.h... yes
checking for variable-length arrays... yes
checking for ptrdiff_t... yes
checking for vasprintf... (cached) yes
checking for waitid... yes
checking whether wcrtomb works in the C locale... yes
checking whether wcrtomb return value is correct... guessing yes
checking whether wcwidth is declared... yes
checking whether wcwidth works reasonably in UTF-8 locales... yes
checking for stdint.h... (cached) yes
checking whether c32rtomb return value is correct... yes
checking whether open recognizes a trailing slash... (cached) yes
checking for close_range... yes
checking whether fdopen sets errno... yes
checking whether freopen works on closed fds... yes
checking for ftruncate... yes
checking for gettimeofday with POSIX signature... yes
checking for duplocale... (cached) yes
checking for library containing inet_pton... none required
checking whether inet_pton is declared... yes
checking whether byte ordering is bigendian... (cached) no
checking for ioctl... yes
checking for ioctl with POSIX signature... no
checking whether link obeys POSIX... yes
checking for newlocale... (cached) yes
checking for newlocale... (cached) yes
checking for memset_explicit... no
checking for explicit_memset... no
checking for mkfifo... yes
checking whether mkfifo rejects trailing slashes... yes
checking for library containing nanosleep... none required
checking for working nanosleep... no (mishandles large arguments)
checking whether <netinet/in.h> is self-contained... yes
checking for uselocale... (cached) yes
checking whether uselocale works... (cached) yes
checking whether perror matches strerror... yes
checking whether signature of pselect conforms to POSIX... yes
checking whether pselect detects invalid fds... yes
checking for pthread_mutexattr_getrobust... yes
checking for pthread_rwlock_init... yes
checking whether pthread_rwlock_timedrdlock is declared... yes
checking for reasonable pthread_rwlock wait queue handling... no
checking whether pthread_create exists as a global function... yes
checking whether pthread_mutex_timedlock is declared... yes
checking for pthread_mutex_timedlock... yes
checking whether pthread_sigmask is a macro... no
checking whether pthread_sigmask works without -lpthread... yes
checking whether pthread_sigmask returns error numbers... yes
checking for putenv compatible with GNU and SVID... yes
checking for random... yes
checking for initstate... yes
checking for setstate... yes
checking for random.h... no
checking for struct random_data... yes
checking for random_r... yes
checking whether sched_yield is declared... yes
checking whether select supports a 0 argument... yes
checking whether select detects invalid fds... yes
checking whether setenv validates arguments... yes
checking whether sleep is declared... yes
checking for working sleep... yes
checking for socklen_t... yes
checking for catgets... yes
checking whether symlink handles trailing slash correctly... yes
checking for IPv4 sockets... (cached) yes
checking for IPv6 sockets... (cached) yes
checking for UNIX domain sockets... yes
checking whether time() works... guessing no
checking whether trunc is declared... yes
checking whether truncl is declared... yes
checking for unsetenv... yes
checking for unsetenv() return type... int
checking whether unsetenv obeys POSIX... yes
checking whether wctob works... guessing yes
checking whether an open file can be renamed... yes
checking if changeword is wanted... no
checking which shell to use for syscmd... /bin/sh
checking if malloc debugging is wanted... no
checking whether NLS is requested... no
checking for msgfmt... no
checking for gmsgfmt... :
checking for xgettext... no
checking for msgmerge... no
checking for CFPreferencesCopyAppValue... (cached) no
checking for CFLocaleCopyPreferredLanguages... (cached) no
checking whether to use NLS... no
checking that generated files are newer than configure... done
configure: creating ./config.status
config.status: creating Makefile
config.status: creating doc/Makefile
config.status: creating lib/Makefile
config.status: creating po/Makefile.in
config.status: creating src/Makefile
config.status: creating tests/Makefile
config.status: creating checks/Makefile
config.status: creating examples/Makefile
config.status: creating lib/config.h
config.status: executing depfiles commands
config.status: executing stamp-h commands
date: Warning: using $SOURCE_DATE_EPOCH instead of true time
config.status: executing po-directories commands
config.status: creating po/POTFILES
config.status: creating po/Makefile
configure: WARNING: unrecognized options: --enable-shared, --disable-static, --disable-gtk-doc, --disable-gtk-doc-html, --disable-doc, --disable-docs, --disable-documentation, --disable-debug, --with-xmlto, --with-fop
>>> host-m4 1.4.21 Building
GIT_DIR=. PATH="/workspace/examples/qemu-node/output/host/bin:/workspace/examples/qemu-node/output/host/sbin:/usr/local/sbin:/usr/local/bin:/usr/sbin:/usr/bin:/sbin:/bin" PKG_CONFIG="/workspace/examples/qemu-node/output/host/bin/pkg-config" PKG_CONFIG_SYSROOT_DIR="/" PKG_CONFIG_ALLOW_SYSTEM_CFLAGS=1 PKG_CONFIG_ALLOW_SYSTEM_LIBS=1 PKG_CONFIG_LIBDIR="/workspace/examples/qemu-node/output/host/lib/pkgconfig:/workspace/examples/qemu-node/output/host/share/pkgconfig"  /usr/bin/make   -C /workspace/examples/qemu-node/output/build/host-m4-1.4.21/
make[1]: Entering directory '/workspace/examples/qemu-node/output/build/host-m4-1.4.21'
cd checks && /usr/bin/make 
make[2]: Entering directory '/workspace/examples/qemu-node/output/build/host-m4-1.4.21/checks'
make[2]: Nothing to be done for 'all'.
make[2]: Leaving directory '/workspace/examples/qemu-node/output/build/host-m4-1.4.21/checks'
/usr/bin/make  all-recursive
make[2]: Entering directory '/workspace/examples/qemu-node/output/build/host-m4-1.4.21'
Making all in .
make[3]: Entering directory '/workspace/examples/qemu-node/output/build/host-m4-1.4.21'
make[3]: Nothing to be done for 'all-am'.
make[3]: Leaving directory '/workspace/examples/qemu-node/output/build/host-m4-1.4.21'
Making all in examples
make[3]: Entering directory '/workspace/examples/qemu-node/output/build/host-m4-1.4.21/examples'
make[3]: Nothing to be done for 'all'.
make[3]: Leaving directory '/workspace/examples/qemu-node/output/build/host-m4-1.4.21/examples'
Making all in lib
make[3]: Entering directory '/workspace/examples/qemu-node/output/build/host-m4-1.4.21/lib'
  GEN      alloca.h
  GEN      configmake.h
  GEN      dirent.h
  GEN      error.h
  GEN      fcntl.h
  GEN      float.h
  GEN      malloc/dynarray.gl.h
  GEN      malloc/dynarray-skeleton.gl.h
  GEN      malloc/scratch_buffer.gl.h
  GEN      iconv.h
  GEN      inttypes.h
  GEN      langinfo.h
  GEN      limits.h
  GEN      locale.h
  GEN      math.h
  GEN      obstack.h
  GEN      pthread.h
  GEN      sched.h
  GEN      signal.h
  GEN      sigsegv.h
  GEN      spawn.h
  GEN      stdckdint.h
  GEN      stddef.h
  GEN      stdio.h
  GEN      stdlib.h
  GEN      string.h
  GEN      sys/random.h
  GEN      sys/stat.h
  GEN      sys/types.h
  GEN      sys/wait.h
  GEN      time.h
  GEN      uchar.h
  GEN      unicase.h
  GEN      unictype.h
  GEN      uninorm.h
  GEN      unistd.h
  GEN      unistr.h
  GEN      unitypes.h
  GEN      uniwidth.h
  GEN      wchar.h
  GEN      wctype.h
/usr/bin/make  all-am
make[4]: Entering directory '/workspace/examples/qemu-node/output/build/host-m4-1.4.21/lib'
  CC       libm4_a-asyncsafe-spin.o
  CC       libm4_a-openat-proc.o
  CC       libm4_a-gl_avltree_oset.o
  CC       libm4_a-basename-lgpl.o
  CC       libm4_a-binary-io.o
  CC       libm4_a-bitrotate.o
  CC       libm4_a-btowc.o
  CC       libm4_a-c-ctype.o
  CC       libm4_a-c-stack.o
  CC       libm4_a-c-strcasecmp.o
  CC       libm4_a-c32isalnum.o
  CC       libm4_a-c32isalpha.o
  CC       libm4_a-c32isblank.o
  CC       libm4_a-c32iscntrl.o
  CC       libm4_a-c32isdigit.o
  CC       libm4_a-c32isgraph.o
  CC       libm4_a-c32islower.o
  CC       libm4_a-c32isprint.o
  CC       libm4_a-c32ispunct.o
  CC       libm4_a-c32isspace.o
  CC       libm4_a-c32isupper.o
  CC       libm4_a-c32isxdigit.o
  CC       libm4_a-c32tolower.o
  CC       libm4_a-c32width.o
  CC       libm4_a-canonicalize.o
  CC       libm4_a-chdir-long.o
  CC       libm4_a-clean-temp.o
  CC       libm4_a-clean-temp-simple.o
  CC       libm4_a-cloexec.o
  CC       libm4_a-close-stream.o
  CC       libm4_a-closein.o
  CC       libm4_a-closeout.o
  CC       libm4_a-concat-filename.o
  CC       libm4_a-dirname.o
  CC       libm4_a-basename.o
  CC       libm4_a-dirname-lgpl.o
  CC       libm4_a-stripslash.o
  CC       libm4_a-error.o
  CC       libm4_a-execute.o
  CC       libm4_a-exitfail.o
  CC       libm4_a-fatal-signal.o
  CC       libm4_a-fclose.o
  CC       libm4_a-fcntl.o
  CC       libm4_a-fd-hook.o
  CC       libm4_a-fd-safer-flag.o
  CC       libm4_a-dup-safer-flag.o
  CC       libm4_a-fflush.o
  CC       libm4_a-file-set.o
  CC       libm4_a-filenamecat.o
  CC       libm4_a-filenamecat-lgpl.o
  CC       libm4_a-findprog-in.o
  CC       libm4_a-float.o
  CC       libm4_a-fopen-safer.o
  CC       libm4_a-fpurge.o
  CC       libm4_a-freadahead.o
  CC       libm4_a-freading.o
  CC       libm4_a-fseek.o
  CC       libm4_a-fseeko.o
  CC       libm4_a-fseterr.o
  CC       libm4_a-localename-table.o
  CC       libm4_a-getlocalename_l-unsafe.o
  CC       libm4_a-getprogname.o
  CC       libm4_a-hard-locale.o
  CC       libm4_a-hash.o
  CC       libm4_a-hashcode-named-file.o
  CC       libm4_a-hashcode-string1.o
  CC       libm4_a-hashcode-string2.o
  CC       libm4_a-hashkey-string.o
  CC       libm4_a-ialloc.o
  CC       libm4_a-issymlink.o
  CC       libm4_a-gl_linked_list.o
  CC       libm4_a-gl_linkedhash_list.o
  CC       libm4_a-gl_list.o
  CC       libm4_a-localcharset.o
  CC       libm4_a-localename.o
  CC       libm4_a-localename-environ.o
  CC       libm4_a-localename-unsafe.o
  CC       libm4_a-malloca.o
  CC       libm4_a-math.o
  CC       libm4_a-mbchar.o
  CC       libm4_a-mbiterf.o
  CC       libm4_a-mbrtoc32.o
  CC       libm4_a-mbrtowc.o
  CC       libm4_a-mbslen.o
  CC       libm4_a-mbsnlen.o
  CC       libm4_a-mbsstr.o
  CC       libm4_a-mbszero.o
  CC       libm4_a-mbuiter.o
  CC       libm4_a-mbuiterf.o
  CC       libm4_a-memchr2.o
  CC       libm4_a-next-prime.o
  CC       libm4_a-nl_langinfo.o
  CC       libm4_a-obstack.o
  CC       glthread/libm4_a-once.o
  CC       libm4_a-openat-die.o
  CC       libm4_a-gl_oset.o
  CC       libm4_a-pipe2.o
  CC       libm4_a-pipe2-safer.o
  CC       libm4_a-spawn_faction_addchdir.o
  CC       libm4_a-printf-frexp.o
  CC       libm4_a-printf-frexpl.o
  CC       libm4_a-progname.o
  CC       libm4_a-propername.o
  CC       libm4_a-quotearg.o
  CC       libm4_a-realloc.o
  CC       libm4_a-reallocarray.o
  CC       libm4_a-same-inode.o
  CC       libm4_a-save-cwd.o
  CC       libm4_a-setlocale_null.o
  CC       libm4_a-setlocale_null-unlocked.o
  CC       libm4_a-sig-handler.o
  CC       libm4_a-sigsegv.o
  CC       libm4_a-stackvma.o
  CC       libm4_a-spawn-pipe.o
  CC       glthread/libm4_a-spin.o
  CC       libm4_a-stat-time.o
  CC       libm4_a-stdlib.o
  CC       libm4_a-mkstemp-safer.o
  CC       libm4_a-striconv.o
  CC       libm4_a-string.o
  CC       libm4_a-strnlen1.o
  CC       libm4_a-tempname.o
  CC       glthread/libm4_a-threadlib.o
  CC       glthread/libm4_a-tls.o
  CC       libm4_a-tmpdir.o
  CC       libm4_a-trim.o
  CC       libm4_a-unistd.o
  CC       libm4_a-dup-safer.o
  CC       libm4_a-fd-safer.o
  CC       libm4_a-pipe-safer.o
  CC       libm4_a-vaszprintf.o
  CC       libm4_a-aszprintf.o
  CC       libm4_a-version-etc.o
  CC       libm4_a-version-etc-fsf.o
  CC       libm4_a-vfzprintf.o
  CC       libm4_a-vsnzprintf.o
  CC       libm4_a-vzprintf.o
  CC       libm4_a-wait-process.o
  CC       libm4_a-wctype-h.o
  CC       libm4_a-xalloc-die.o
  CC       libm4_a-xmalloc.o
  CC       libm4_a-gl_xlist.o
  CC       libm4_a-xmalloca.o
  CC       libm4_a-xmemdup0.o
  CC       libm4_a-gl_xoset.o
  CC       libm4_a-xprintf.o
  CC       libm4_a-xsize.o
  CC       libm4_a-xstriconv.o
  CC       libm4_a-xvasprintf.o
  CC       libm4_a-xasprintf.o
  CC       libm4_a-asnprintf.o
  CC       libm4_a-fopen.o
  CC       libm4_a-printf-args.o
  CC       libm4_a-printf-parse.o
  CC       libm4_a-vasnprintf.o
  CC       malloc/libm4_a-dynarray_at_failure.o
  CC       malloc/libm4_a-dynarray_emplace_enlarge.o
  CC       malloc/libm4_a-dynarray_finalize.o
  CC       malloc/libm4_a-dynarray_resize.o
  CC       malloc/libm4_a-dynarray_resize_clear.o
  CC       malloc/libm4_a-scratch_buffer_grow.o
  CC       malloc/libm4_a-scratch_buffer_grow_preserve.o
  CC       malloc/libm4_a-scratch_buffer_set_array_size.o
  CC       glthread/libm4_a-lock.o
  CC       unicase/libm4_a-tolower.o
  CC       unictype/libm4_a-ctype_alnum.o
  CC       unictype/libm4_a-ctype_alpha.o
  CC       unictype/libm4_a-ctype_blank.o
  CC       unictype/libm4_a-ctype_cntrl.o
  CC       unictype/libm4_a-ctype_digit.o
  CC       unictype/libm4_a-ctype_graph.o
  CC       unictype/libm4_a-ctype_lower.o
  CC       unictype/libm4_a-ctype_print.o
  CC       unictype/libm4_a-ctype_punct.o
  CC       unictype/libm4_a-ctype_space.o
  CC       unictype/libm4_a-ctype_upper.o
  CC       unictype/libm4_a-ctype_xdigit.o
  CC       unistr/libm4_a-u8-mbtoucr.o
  CC       unistr/libm4_a-u8-uctomb.o
  CC       unistr/libm4_a-u8-uctomb-aux.o
  CC       uniwidth/libm4_a-width.o
  AR       libm4.a
make[4]: Leaving directory '/workspace/examples/qemu-node/output/build/host-m4-1.4.21/lib'
make[3]: Leaving directory '/workspace/examples/qemu-node/output/build/host-m4-1.4.21/lib'
Making all in src
make[3]: Entering directory '/workspace/examples/qemu-node/output/build/host-m4-1.4.21/src'
  CC       m4.o
  CC       builtin.o
  CC       debug.o
  CC       eval.o
  CC       format.o
  CC       freeze.o
  CC       input.o
  CC       macro.o
  CC       output.o
  CC       path.o
  CC       symtab.o
  CCLD     m4
make[3]: Leaving directory '/workspace/examples/qemu-node/output/build/host-m4-1.4.21/src'
Making all in doc
make[3]: Entering directory '/workspace/examples/qemu-node/output/build/host-m4-1.4.21/doc'
make[3]: Nothing to be done for 'all'.
make[3]: Leaving directory '/workspace/examples/qemu-node/output/build/host-m4-1.4.21/doc'
Making all in checks
make[3]: Entering directory '/workspace/examples/qemu-node/output/build/host-m4-1.4.21/checks'
make[3]: Nothing to be done for 'all'.
make[3]: Leaving directory '/workspace/examples/qemu-node/output/build/host-m4-1.4.21/checks'
Making all in po
make[3]: Entering directory '/workspace/examples/qemu-node/output/build/host-m4-1.4.21/po'
make[3]: Nothing to be done for 'all'.
make[3]: Leaving directory '/workspace/examples/qemu-node/output/build/host-m4-1.4.21/po'
Making all in tests
make[3]: Entering directory '/workspace/examples/qemu-node/output/build/host-m4-1.4.21/tests'
  GEN      arpa/inet.h
  GEN      ctype.h
  GEN      test-posix_spawn-dup2-stdout.sh
  GEN      test-posix_spawn-dup2-stdin.sh
  GEN      sys/ioctl.h
  GEN      sys/select.h
  GEN      sys/socket.h
  GEN      sys/time.h
  GEN      sys/uio.h
## ---------------------------------------------------- ##
## ------------------- Gnulib tests ------------------- ##
## You can ignore compiler warnings in this directory.  ##
## ---------------------------------------------------- ##
/usr/bin/make  all-recursive
make[4]: Entering directory '/workspace/examples/qemu-node/output/build/host-m4-1.4.21/tests'
Making all in .
make[5]: Entering directory '/workspace/examples/qemu-node/output/build/host-m4-1.4.21/tests'
  CC       locale.o
  CC       arpa_inet.o
  CC       gl_array_list.o
  CC       gl_array_oset.o
  CC       btoc32.o
  CC       c-strcasestr.o
  CC       c-strncasecmp.o
  CC       c32tob.o
  CC       findprog.o
  CC       imaxtostr.o
  CC       inttostr.o
  CC       offtostr.o
  CC       uinttostr.o
  CC       umaxtostr.o
  CC       ioctl.o
  CC       memset_explicit.o
  CC       nanosleep.o
  CC       pthread-rwlock.o
  CC       pthread_sigmask.o
  CC       read-file.o
  CC       sockets.o
  CC       str_endswith.o
  CC       str_startswith.o
  CC       sys_socket.o
  CC       time.o
  CC       vma-iter.o
  CC       xconcat-filename.o
  CC       xgetcwd.o
  CC       strerror_r.o
  CC       test-localcharset.o
  CC       glthread/thread.o
  AR       libtests.a
  CCLD     current-locale
  CCLD     test-localcharset
make[5]: Leaving directory '/workspace/examples/qemu-node/output/build/host-m4-1.4.21/tests'
make[4]: Leaving directory '/workspace/examples/qemu-node/output/build/host-m4-1.4.21/tests'
make[3]: Leaving directory '/workspace/examples/qemu-node/output/build/host-m4-1.4.21/tests'
make[2]: Leaving directory '/workspace/examples/qemu-node/output/build/host-m4-1.4.21'
make[1]: Leaving directory '/workspace/examples/qemu-node/output/build/host-m4-1.4.21'
>>> host-m4 1.4.21 Installing to host directory
GIT_DIR=. PATH="/workspace/examples/qemu-node/output/host/bin:/workspace/examples/qemu-node/output/host/sbin:/usr/local/sbin:/usr/local/bin:/usr/sbin:/usr/bin:/sbin:/bin" PKG_CONFIG="/workspace/examples/qemu-node/output/host/bin/pkg-config" PKG_CONFIG_SYSROOT_DIR="/" PKG_CONFIG_ALLOW_SYSTEM_CFLAGS=1 PKG_CONFIG_ALLOW_SYSTEM_LIBS=1 PKG_CONFIG_LIBDIR="/workspace/examples/qemu-node/output/host/lib/pkgconfig:/workspace/examples/qemu-node/output/host/share/pkgconfig"  /usr/bin/make  install -C /workspace/examples/qemu-node/output/build/host-m4-1.4.21/
make[1]: Entering directory '/workspace/examples/qemu-node/output/build/host-m4-1.4.21'
cd checks && /usr/bin/make 
make[2]: Entering directory '/workspace/examples/qemu-node/output/build/host-m4-1.4.21/checks'
make[2]: Nothing to be done for 'all'.
make[2]: Leaving directory '/workspace/examples/qemu-node/output/build/host-m4-1.4.21/checks'
/usr/bin/make  install-recursive
make[2]: Entering directory '/workspace/examples/qemu-node/output/build/host-m4-1.4.21'
Making install in .
make[3]: Entering directory '/workspace/examples/qemu-node/output/build/host-m4-1.4.21'
make[4]: Entering directory '/workspace/examples/qemu-node/output/build/host-m4-1.4.21'
make[4]: Nothing to be done for 'install-exec-am'.
make[4]: Nothing to be done for 'install-data-am'.
make[4]: Leaving directory '/workspace/examples/qemu-node/output/build/host-m4-1.4.21'
make[3]: Leaving directory '/workspace/examples/qemu-node/output/build/host-m4-1.4.21'
Making install in examples
make[3]: Entering directory '/workspace/examples/qemu-node/output/build/host-m4-1.4.21/examples'
make[4]: Entering directory '/workspace/examples/qemu-node/output/build/host-m4-1.4.21/examples'
make[4]: Nothing to be done for 'install-exec-am'.
make[4]: Nothing to be done for 'install-data-am'.
make[4]: Leaving directory '/workspace/examples/qemu-node/output/build/host-m4-1.4.21/examples'
make[3]: Leaving directory '/workspace/examples/qemu-node/output/build/host-m4-1.4.21/examples'
Making install in lib
make[3]: Entering directory '/workspace/examples/qemu-node/output/build/host-m4-1.4.21/lib'
/usr/bin/make  install-am
make[4]: Entering directory '/workspace/examples/qemu-node/output/build/host-m4-1.4.21/lib'
make[5]: Entering directory '/workspace/examples/qemu-node/output/build/host-m4-1.4.21/lib'
make[5]: Nothing to be done for 'install-exec-am'.
make[5]: Nothing to be done for 'install-data-am'.
make[5]: Leaving directory '/workspace/examples/qemu-node/output/build/host-m4-1.4.21/lib'
make[4]: Leaving directory '/workspace/examples/qemu-node/output/build/host-m4-1.4.21/lib'
make[3]: Leaving directory '/workspace/examples/qemu-node/output/build/host-m4-1.4.21/lib'
Making install in src
make[3]: Entering directory '/workspace/examples/qemu-node/output/build/host-m4-1.4.21/src'
make[4]: Entering directory '/workspace/examples/qemu-node/output/build/host-m4-1.4.21/src'
make[4]: Nothing to be done for 'install-data-am'.
 /usr/bin/mkdir -p '/workspace/examples/qemu-node/output/host/bin'
  /usr/bin/install -c m4 '/workspace/examples/qemu-node/output/host/bin'
make[4]: Leaving directory '/workspace/examples/qemu-node/output/build/host-m4-1.4.21/src'
make[3]: Leaving directory '/workspace/examples/qemu-node/output/build/host-m4-1.4.21/src'
Making install in doc
make[3]: Entering directory '/workspace/examples/qemu-node/output/build/host-m4-1.4.21/doc'
make[4]: Entering directory '/workspace/examples/qemu-node/output/build/host-m4-1.4.21/doc'
make[4]: Nothing to be done for 'install-exec-am'.
 /usr/bin/mkdir -p '/workspace/examples/qemu-node/output/host/share/man/man1'
 /usr/bin/mkdir -p '/workspace/examples/qemu-node/output/host/share/info'
 /usr/bin/install -c -m 644 ./m4.1 '/workspace/examples/qemu-node/output/host/share/man/man1'
 /usr/bin/install -c -m 644 ./m4.info ./m4.info-1 ./m4.info-2 '/workspace/examples/qemu-node/output/host/share/info'
make[4]: Leaving directory '/workspace/examples/qemu-node/output/build/host-m4-1.4.21/doc'
make[3]: Leaving directory '/workspace/examples/qemu-node/output/build/host-m4-1.4.21/doc'
Making install in checks
make[3]: Entering directory '/workspace/examples/qemu-node/output/build/host-m4-1.4.21/checks'
make[4]: Entering directory '/workspace/examples/qemu-node/output/build/host-m4-1.4.21/checks'
make[4]: Nothing to be done for 'install-exec-am'.
make[4]: Nothing to be done for 'install-data-am'.
make[4]: Leaving directory '/workspace/examples/qemu-node/output/build/host-m4-1.4.21/checks'
make[3]: Leaving directory '/workspace/examples/qemu-node/output/build/host-m4-1.4.21/checks'
Making install in po
make[3]: Entering directory '/workspace/examples/qemu-node/output/build/host-m4-1.4.21/po'
if test "m4" = "gettext-tools"; then \
  /usr/bin/mkdir -p /workspace/examples/qemu-node/output/host/share/gettext/po; \
  for file in Makefile.in.in remove-potcdate.sin quot.sed boldquot.sed en@quot.header en@boldquot.header insert-header.sin Rules-quot   Makevars.template; do \
    /usr/bin/install -c -m 644 ./$file \
		    /workspace/examples/qemu-node/output/host/share/gettext/po/$file; \
  done; \
  for file in Makevars; do \
    rm -f /workspace/examples/qemu-node/output/host/share/gettext/po/$file; \
  done; \
else \
  : ; \
fi
make[3]: Leaving directory '/workspace/examples/qemu-node/output/build/host-m4-1.4.21/po'
Making install in tests
make[3]: Entering directory '/workspace/examples/qemu-node/output/build/host-m4-1.4.21/tests'
/usr/bin/make  install-recursive
make[4]: Entering directory '/workspace/examples/qemu-node/output/build/host-m4-1.4.21/tests'
Making install in .
make[5]: Entering directory '/workspace/examples/qemu-node/output/build/host-m4-1.4.21/tests'
make[6]: Entering directory '/workspace/examples/qemu-node/output/build/host-m4-1.4.21/tests'
make[6]: Nothing to be done for 'install-exec-am'.
make[6]: Leaving directory '/workspace/examples/qemu-node/output/build/host-m4-1.4.21/tests'
make[5]: Leaving directory '/workspace/examples/qemu-node/output/build/host-m4-1.4.21/tests'
make[4]: Leaving directory '/workspace/examples/qemu-node/output/build/host-m4-1.4.21/tests'
make[3]: Leaving directory '/workspace/examples/qemu-node/output/build/host-m4-1.4.21/tests'
make[2]: Leaving directory '/workspace/examples/qemu-node/output/build/host-m4-1.4.21'
make[1]: Leaving directory '/workspace/examples/qemu-node/output/build/host-m4-1.4.21'
>>> host-libtool 2.4.6 Downloading
wget -nd -t 3 --connect-timeout=10 -O '/workspace/examples/qemu-node/output/build/.libtool-2.4.6.tar.xz.FIMesL/output' 'https://ftpmirror.gnu.org/libtool/libtool-2.4.6.tar.xz' 
--2026-09-06 15:31:55--  https://ftpmirror.gnu.org/libtool/libtool-2.4.6.tar.xz
Resolving ftpmirror.gnu.org (ftpmirror.gnu.org)... 209.51.188.200, 2001:470:142:5::200
Connecting to ftpmirror.gnu.org (ftpmirror.gnu.org)|209.51.188.200|:443... connected.
HTTP request sent, awaiting response... 504 Gateway Time-out
Retrying.

--2026-09-06 15:33:08--  (try: 2)  https://ftpmirror.gnu.org/libtool/libtool-2.4.6.tar.xz
Reusing existing connection to ftpmirror.gnu.org:443.
HTTP request sent, awaiting response... 502 Bad Gateway
2026-09-06 15:33:08 ERROR 502: Bad Gateway.

wget -nd -t 3 --connect-timeout=10 -O '/workspace/examples/qemu-node/output/build/.libtool-2.4.6.tar.xz.ZmKDEV/output' 'https://sources.buildroot.net/libtool/libtool-2.4.6.tar.xz' 
--2026-09-06 15:33:08--  https://sources.buildroot.net/libtool/libtool-2.4.6.tar.xz
Resolving sources.buildroot.net (sources.buildroot.net)... 104.26.0.37, 104.26.1.37, 172.67.72.56, ...
Connecting to sources.buildroot.net (sources.buildroot.net)|104.26.0.37|:443... connected.
HTTP request sent, awaiting response... 200 OK
Length: 973080 (950K) [application/x-xz]
Saving to: '/workspace/examples/qemu-node/output/build/.libtool-2.4.6.tar.xz.ZmKDEV/output'

     0K .......... .......... .......... .......... ..........  5% 27.6M 0s
    50K .......... .......... .......... .......... .......... 10% 6.62M 0s
   100K .......... .......... .......... .......... .......... 15% 21.2M 0s
   150K .......... .......... .......... .......... .......... 21% 17.0M 0s
   200K .......... .......... .......... .......... .......... 26% 28.4M 0s
   250K .......... .......... .......... .......... .......... 31% 67.5M 0s
   300K .......... .......... .......... .......... .......... 36% 51.3M 0s
   350K .......... .......... .......... .......... .......... 42% 20.8M 0s
   400K .......... .......... .......... .......... .......... 47% 36.5M 0s
   450K .......... .......... .......... .......... .......... 52% 37.1M 0s
   500K .......... .......... .......... .......... .......... 57% 59.3M 0s
   550K .......... .......... .......... .......... .......... 63% 50.8M 0s
   600K .......... .......... .......... .......... .......... 68% 66.2M 0s
   650K .......... .......... .......... .......... .......... 73% 58.8M 0s
   700K .......... .......... .......... .......... .......... 78% 28.8M 0s
   750K .......... .......... .......... .......... .......... 84% 51.7M 0s
   800K .......... .......... .......... .......... .......... 89% 34.7M 0s
   850K .......... .......... .......... .......... .......... 94% 59.6M 0s
   900K .......... .......... .......... .......... .......... 99% 68.1M 0s
   950K                                                       100%  522G=0.03s

2026-09-06 15:33:08 (29.3 MB/s) - '/workspace/examples/qemu-node/output/build/.libtool-2.4.6.tar.xz.ZmKDEV/output' saved [973080/973080]

libtool-2.4.6.tar.xz: OK (sha256: 7c87a8c2c8c0fc9cd5019e402bed4292462d00a718a7cd5f11218153bf28b26f)
>>> host-libtool 2.4.6 Extracting
xzcat /workspace/examples/qemu-node/dl/libtool/libtool-2.4.6.tar.xz | tar --strip-components=1 -C /workspace/examples/qemu-node/output/build/host-libtool-2.4.6   -xf -
>>> host-libtool 2.4.6 Patching
>>> host-libtool 2.4.6 Updating config.sub and config.guess
for file in config.guess config.sub; do for i in $(find /workspace/examples/qemu-node/output/build/host-libtool-2.4.6 -name $file); do cp support/gnuconfig/$file $i; done; done
>>> host-libtool 2.4.6 Configuring
find /workspace/examples/qemu-node/output/build/host-libtool-2.4.6 -name aclocal.m4 -exec touch '{}' \;
find /workspace/examples/qemu-node/output/build/host-libtool-2.4.6 -name config-h.in -exec touch '{}' \;
find /workspace/examples/qemu-node/output/build/host-libtool-2.4.6 -name configure -exec touch '{}' \;
find /workspace/examples/qemu-node/output/build/host-libtool-2.4.6 -name Makefile.in -exec touch '{}' \;
(cd /workspace/examples/qemu-node/output/build/host-libtool-2.4.6/. && rm -rf config.cache; GIT_DIR=. PATH="/workspace/examples/qemu-node/output/host/bin:/workspace/examples/qemu-node/output/host/sbin:/usr/local/sbin:/usr/local/bin:/usr/sbin:/usr/bin:/sbin:/bin" PKG_CONFIG="/workspace/examples/qemu-node/output/host/bin/pkg-config" PKG_CONFIG_SYSROOT_DIR="/" PKG_CONFIG_ALLOW_SYSTEM_CFLAGS=1 PKG_CONFIG_ALLOW_SYSTEM_LIBS=1 PKG_CONFIG_LIBDIR="/workspace/examples/qemu-node/output/host/lib/pkgconfig:/workspace/examples/qemu-node/output/host/share/pkgconfig" AR="/usr/bin/ar" AS="/usr/bin/as" LD="/usr/bin/ld" NM="/usr/bin/nm" CC="/usr/bin/gcc" GCC="/usr/bin/gcc" CXX="/usr/bin/g++" CPP="/usr/bin/cpp" OBJCOPY="/usr/bin/objcopy" RANLIB="/usr/bin/ranlib" CPPFLAGS="-I/workspace/examples/qemu-node/output/host/include" CFLAGS="-O2 -I/workspace/examples/qemu-node/output/host/include" CXXFLAGS="-O2 -I/workspace/examples/qemu-node/output/host/include" LDFLAGS="-L/workspace/examples/qemu-node/output/host/lib -Wl,-rpath,/workspace/examples/qemu-node/output/host/lib" INTLTOOL_PERL=/usr/bin/perl MAKEINFO=true CONFIG_SITE=/dev/null ./configure --prefix="/workspace/examples/qemu-node/output/host" --sysconfdir="/workspace/examples/qemu-node/output/host/etc" --localstatedir="/workspace/examples/qemu-node/output/host/var" --enable-shared --disable-static --disable-gtk-doc --disable-gtk-doc-html --disable-doc --disable-docs --disable-documentation --disable-debug --with-xmlto=no --with-fop=no --disable-nls --disable-dependency-tracking   )
configure: WARNING: unrecognized options: --disable-gtk-doc, --disable-gtk-doc-html, --disable-doc, --disable-docs, --disable-documentation, --disable-debug, --with-xmlto, --with-fop, --disable-nls
## ------------------------- ##
## Configuring libtool 2.4.6 ##
## ------------------------- ##

checking for GNU M4 that supports accurate traces... /workspace/examples/qemu-node/output/host/bin/m4
checking whether /workspace/examples/qemu-node/output/host/bin/m4 accepts --gnu... yes
checking how m4 supports trace files... --debugfile
checking for a BSD-compatible install... /usr/bin/install -c
checking whether build environment is sane... yes
checking for a thread-safe mkdir -p... /usr/bin/mkdir -p
checking for gawk... no
checking for mawk... mawk
checking whether make sets $(MAKE)... yes
checking whether make supports nested variables... yes
checking whether make supports nested variables... (cached) yes
checking build system type... aarch64-unknown-linux-gnu
checking host system type... aarch64-unknown-linux-gnu
configure: autobuild project... GNU Libtool
configure: autobuild revision... 2.4.6
configure: autobuild hostname... cafadd5c8e3f
configure: autobuild mode... default
date: Warning: using $SOURCE_DATE_EPOCH instead of true time
configure: autobuild timestamp... 20260906T141620Z
checking for gcc... /usr/bin/gcc
checking whether the C compiler works... yes
checking for C compiler default output file name... a.out
checking for suffix of executables... 
checking whether we are cross compiling... no
checking for suffix of object files... o
checking whether we are using the GNU C compiler... yes
checking whether /usr/bin/gcc accepts -g... yes
checking for /usr/bin/gcc option to accept ISO C89... none needed
checking whether /usr/bin/gcc understands -c and -o together... yes
checking for style of include used by make... GNU
checking dependency style of /usr/bin/gcc... none
checking how to run the C preprocessor... /usr/bin/cpp
checking for grep that handles long lines and -e... /usr/bin/grep
checking for egrep... /usr/bin/grep -E
checking for Minix Amsterdam compiler... no
checking how to run the C preprocessor... /usr/bin/cpp
checking how to print strings... printf
checking for a sed that does not truncate output... /usr/bin/sed
checking for fgrep... /usr/bin/grep -F
checking for ld used by /usr/bin/gcc... /usr/bin/ld
checking if the linker (/usr/bin/ld) is GNU ld... yes
checking for BSD- or MS-compatible name lister (nm)... /usr/bin/nm
checking the name lister (/usr/bin/nm) interface... BSD nm
checking whether ln -s works... yes
checking the maximum length of command line arguments... 1572864
checking how to convert aarch64-unknown-linux-gnu file names to aarch64-unknown-linux-gnu format... func_convert_file_noop
checking how to convert aarch64-unknown-linux-gnu file names to toolchain format... func_convert_file_noop
checking for /usr/bin/ld option to reload object files... -r
checking for objdump... objdump
checking how to recognize dependent libraries... pass_all
checking for dlltool... no
checking how to associate runtime and link libraries... printf %s\n
checking for archiver @FILE support... @
checking for strip... strip
checking for ranlib... /usr/bin/ranlib
checking command to parse /usr/bin/nm output from /usr/bin/gcc object... ok
checking for sysroot... no
checking for a working dd... /usr/bin/dd
checking how to truncate binary pipes... /usr/bin/dd bs=4096 count=1
checking for mt... mt
checking if mt is a manifest tool... no
checking for ANSI C header files... yes
checking for sys/types.h... yes
checking for sys/stat.h... yes
checking for stdlib.h... yes
checking for string.h... yes
checking for memory.h... yes
checking for strings.h... yes
checking for inttypes.h... yes
checking for stdint.h... yes
checking for unistd.h... yes
checking for dlfcn.h... yes
checking for objdir... .libs
checking if /usr/bin/gcc supports -fno-rtti -fno-exceptions... no
checking for /usr/bin/gcc option to produce PIC... -fPIC -DPIC
checking if /usr/bin/gcc PIC flag -fPIC -DPIC works... yes
checking if /usr/bin/gcc static flag -static works... yes
checking if /usr/bin/gcc supports -c -o file.o... yes
checking if /usr/bin/gcc supports -c -o file.o... (cached) yes
checking whether the /usr/bin/gcc linker (/usr/bin/ld) supports shared libraries... yes
checking whether -lc should be explicitly linked in... no
checking dynamic linker characteristics... GNU/Linux ld.so
checking how to hardcode library paths into programs... immediate
checking for shl_load... no
checking for shl_load in -ldld... no
checking for dlopen... yes
checking whether a program can dlopen itself... yes
checking whether a statically linked program can dlopen itself... no
checking whether stripping libraries is possible... yes
checking if libtool supports shared libraries... yes
checking whether to build shared libraries... yes
checking whether to build static libraries... no
checking what extension is used for runtime loadable modules... .so
checking what variable specifies run-time module search path... LD_LIBRARY_PATH
checking for the default library search path... /lib /usr/lib /usr/local/lib/aarch64-linux-gnu /lib/aarch64-linux-gnu /usr/lib/aarch64-linux-gnu /usr/local/lib 
checking for library containing dlopen... none required
checking for dlerror... yes
checking for shl_load... (cached) no
checking for shl_load in -ldld... (cached) no
checking for dld_link in -ldld... no
checking for _ prefix in compiled symbols... no
checking whether deplibs are loaded by dlopen... yes
checking for argz.h... yes
checking for error_t... yes
checking for argz_add... yes
checking for argz_append... yes
checking for argz_count... yes
checking for argz_create_sep... yes
checking for argz_insert... yes
checking for argz_next... yes
checking for argz_stringify... yes
checking if argz actually works... yes
checking whether libtool supports -dlopen/-dlpreopen... yes
checking for unistd.h... (cached) yes
checking for dl.h... no
checking for sys/dl.h... no
checking for dld.h... no
checking for mach-o/dyld.h... no
checking for dirent.h... yes
checking for closedir... yes
checking for opendir... yes
checking for readdir... yes
checking for strlcat... yes
checking for strlcpy... yes
checking whether we are using the GNU C++ compiler... yes
checking whether /usr/bin/g++ accepts -g... yes
checking dependency style of /usr/bin/g++... none
checking how to run the C++ preprocessor... /usr/bin/g++ -E
checking for ld used by /usr/bin/g++... /usr/bin/ld
checking if the linker (/usr/bin/ld) is GNU ld... yes
checking whether the /usr/bin/g++ linker (/usr/bin/ld) supports shared libraries... yes
checking for /usr/bin/g++ option to produce PIC... -fPIC -DPIC
checking if /usr/bin/g++ PIC flag -fPIC -DPIC works... yes
checking if /usr/bin/g++ static flag -static works... yes
checking if /usr/bin/g++ supports -c -o file.o... yes
checking if /usr/bin/g++ supports -c -o file.o... (cached) yes
checking whether the /usr/bin/g++ linker (/usr/bin/ld) supports shared libraries... yes
checking dynamic linker characteristics... (cached) GNU/Linux ld.so
checking how to hardcode library paths into programs... immediate
checking for g77... no
checking for xlf... no
checking for f77... no
checking for frt... no
checking for pgf77... no
checking for cf77... no
checking for fort77... no
checking for fl32... no
checking for af77... no
checking for xlf90... no
checking for f90... no
checking for pgf90... no
checking for pghpf... no
checking for epcf90... no
checking for gfortran... no
checking for g95... no
checking for xlf95... no
checking for f95... no
checking for fort... no
checking for ifort... no
checking for ifc... no
checking for efc... no
checking for pgfortran... no
checking for pgf95... no
checking for lf95... no
checking for ftn... no
checking for nagfor... no
checking whether we are using the GNU Fortran 77 compiler... no
checking whether  accepts -g... no
checking for gfortran... no
checking for g95... no
checking for xlf95... no
checking for f95... no
checking for fort... no
checking for ifort... no
checking for ifc... no
checking for efc... no
checking for pgfortran... no
checking for pgf95... no
checking for lf95... no
checking for ftn... no
checking for nagfor... no
checking for xlf90... no
checking for f90... no
checking for pgf90... no
checking for pghpf... no
checking for epcf90... no
checking for g77... no
checking for xlf... no
checking for f77... no
checking for frt... no
checking for pgf77... no
checking for cf77... no
checking for fort77... no
checking for fl32... no
checking for af77... no
checking whether we are using the GNU Fortran compiler... no
checking whether  accepts -g... no
checking for gccgo... no
checking for gcj... no
checking for windres... no
checking that generated files are newer than configure... done
configure: creating ./config.status
config.status: creating Makefile
config.status: creating config.h
config.status: executing tests/atconfig commands
config.status: executing depfiles commands
config.status: executing libtool commands
configure: WARNING: unrecognized options: --disable-gtk-doc, --disable-gtk-doc-html, --disable-doc, --disable-docs, --disable-documentation, --disable-debug, --with-xmlto, --with-fop, --disable-nls
>>> host-libtool 2.4.6 Building
GIT_DIR=. PATH="/workspace/examples/qemu-node/output/host/bin:/workspace/examples/qemu-node/output/host/sbin:/usr/local/sbin:/usr/local/bin:/usr/sbin:/usr/bin:/sbin:/bin" PKG_CONFIG="/workspace/examples/qemu-node/output/host/bin/pkg-config" PKG_CONFIG_SYSROOT_DIR="/" PKG_CONFIG_ALLOW_SYSTEM_CFLAGS=1 PKG_CONFIG_ALLOW_SYSTEM_LIBS=1 PKG_CONFIG_LIBDIR="/workspace/examples/qemu-node/output/host/lib/pkgconfig:/workspace/examples/qemu-node/output/host/share/pkgconfig"  /usr/bin/make   -C /workspace/examples/qemu-node/output/build/host-libtool-2.4.6/.
make[1]: Entering directory '/workspace/examples/qemu-node/output/build/host-libtool-2.4.6'
  GEN      libtoolize
/usr/bin/make  all-recursive
make[2]: Entering directory '/workspace/examples/qemu-node/output/build/host-libtool-2.4.6'
Making all in .
make[3]: Entering directory '/workspace/examples/qemu-node/output/build/host-libtool-2.4.6'
make[4]: Entering directory '/workspace/examples/qemu-node/output/build/host-libtool-2.4.6'
  CC       libltdl/loaders/libltdl_libltdl_la-preopen.lo
  CC       libltdl/libltdl_libltdl_la-lt__alloc.lo
make[4]: Leaving directory '/workspace/examples/qemu-node/output/build/host-libtool-2.4.6'
  CC       libltdl/libltdl_libltdl_la-lt_dlloader.lo
  CC       libltdl/libltdl_libltdl_la-lt_error.lo
  CC       libltdl/libltdl_libltdl_la-ltdl.lo
  CC       libltdl/libltdl_libltdl_la-slist.lo
  CC       libltdl/loaders/dlopen.lo
  CCLD     libltdl/dlopen.la
/usr/bin/ar: `u' modifier ignored since `D' is the default (see `U')
  CCLD     libltdl/libltdl.la
  GEN      libltdl/stamp-mk
make[3]: Leaving directory '/workspace/examples/qemu-node/output/build/host-libtool-2.4.6'
make[2]: Leaving directory '/workspace/examples/qemu-node/output/build/host-libtool-2.4.6'
make[1]: Leaving directory '/workspace/examples/qemu-node/output/build/host-libtool-2.4.6'
>>> host-libtool 2.4.6 Installing to host directory
GIT_DIR=. PATH="/workspace/examples/qemu-node/output/host/bin:/workspace/examples/qemu-node/output/host/sbin:/usr/local/sbin:/usr/local/bin:/usr/sbin:/usr/bin:/sbin:/bin" PKG_CONFIG="/workspace/examples/qemu-node/output/host/bin/pkg-config" PKG_CONFIG_SYSROOT_DIR="/" PKG_CONFIG_ALLOW_SYSTEM_CFLAGS=1 PKG_CONFIG_ALLOW_SYSTEM_LIBS=1 PKG_CONFIG_LIBDIR="/workspace/examples/qemu-node/output/host/lib/pkgconfig:/workspace/examples/qemu-node/output/host/share/pkgconfig"  /usr/bin/make  install -C /workspace/examples/qemu-node/output/build/host-libtool-2.4.6/.
make[1]: Entering directory '/workspace/examples/qemu-node/output/build/host-libtool-2.4.6'
/usr/bin/make  install-recursive
make[2]: Entering directory '/workspace/examples/qemu-node/output/build/host-libtool-2.4.6'
Making install in .
make[3]: Entering directory '/workspace/examples/qemu-node/output/build/host-libtool-2.4.6'
make[4]: Entering directory '/workspace/examples/qemu-node/output/build/host-libtool-2.4.6'
 /usr/bin/mkdir -p '/workspace/examples/qemu-node/output/host/bin'
 /usr/bin/mkdir -p '/workspace/examples/qemu-node/output/host/lib'
 /usr/bin/mkdir -p '/workspace/examples/qemu-node/output/host/include'
 /bin/bash ./libtool   --mode=install /usr/bin/install -c   libltdl/libltdl.la '/workspace/examples/qemu-node/output/host/lib'
 /usr/bin/install -c libtool '/workspace/examples/qemu-node/output/host/bin'
 GREP='/usr/bin/grep' SED='/usr/bin/sed' './build-aux/inline-source' libtoolize > '/workspace/examples/qemu-node/output/host/bin/libtoolize'
 /usr/bin/install -c -m 644 libltdl/ltdl.h '/workspace/examples/qemu-node/output/host/include'
 /usr/bin/mkdir -p '/workspace/examples/qemu-node/output/host/include/libltdl'
 /usr/bin/mkdir -p '/workspace/examples/qemu-node/output/host/share/info'
 /usr/bin/install -c -m 644 libltdl/libltdl/lt_system.h libltdl/libltdl/lt_error.h libltdl/libltdl/lt_dlloader.h '/workspace/examples/qemu-node/output/host/include/libltdl'
 /usr/bin/mkdir -p '/workspace/examples/qemu-node/output/host/share/man/man1'
 /usr/bin/install -c -m 644 ./doc/libtool.info ./doc/libtool.info-1 ./doc/libtool.info-2 '/workspace/examples/qemu-node/output/host/share/info'
 /usr/bin/install -c -m 644 ./doc/libtool.1 ./doc/libtoolize.1 '/workspace/examples/qemu-node/output/host/share/man/man1'
libtool: install: /usr/bin/install -c libltdl/.libs/libltdl.so.7.3.1 /workspace/examples/qemu-node/output/host/lib/libltdl.so.7.3.1
libtool: install: (cd /workspace/examples/qemu-node/output/host/lib && { ln -s -f libltdl.so.7.3.1 libltdl.so.7 || { rm -f libltdl.so.7 && ln -s libltdl.so.7.3.1 libltdl.so.7; }; })
libtool: install: (cd /workspace/examples/qemu-node/output/host/lib && { ln -s -f libltdl.so.7.3.1 libltdl.so || { rm -f libltdl.so && ln -s libltdl.so.7.3.1 libltdl.so; }; })
libtool: install: /usr/bin/install -c libltdl/.libs/libltdl.lai /workspace/examples/qemu-node/output/host/lib/libltdl.la
rm -rf '/workspace/examples/qemu-node/output/host/share/libtool'/*
libtool: finish: PATH="/workspace/examples/qemu-node/output/host/bin:/workspace/examples/qemu-node/output/host/sbin:/usr/local/sbin:/usr/local/bin:/usr/sbin:/usr/bin:/sbin:/bin:/sbin" ldconfig -n /workspace/examples/qemu-node/output/host/lib
----------------------------------------------------------------------
Libraries have been installed in:
   /workspace/examples/qemu-node/output/host/lib

If you ever happen to want to link against installed libraries
in a given directory, LIBDIR, you must either use libtool, and
specify the full pathname of the library, or use the '-LLIBDIR'
flag during linking and do at least one of the following:
   - add LIBDIR to the 'LD_LIBRARY_PATH' environment variable
     during execution
   - add LIBDIR to the 'LD_RUN_PATH' environment variable
     during linking
   - use the '-Wl,-rpath -Wl,LIBDIR' linker flag
   - have your system administrator add LIBDIR to '/etc/ld.so.conf'

See any operating system documentation about shared libraries for
more information, such as the ld(1) and ld.so(8) manual pages.
----------------------------------------------------------------------
 /usr/bin/install -c -m 644 './m4/libtool.m4' '/workspace/examples/qemu-node/output/host/share/aclocal/libtool.m4'
 /usr/bin/install -c -m 644 './m4/ltargz.m4' '/workspace/examples/qemu-node/output/host/share/aclocal/ltargz.m4'
 /usr/bin/install -c -m 644 './m4/ltdl.m4' '/workspace/examples/qemu-node/output/host/share/aclocal/ltdl.m4'
 /usr/bin/install -c -m 644 './m4/ltoptions.m4' '/workspace/examples/qemu-node/output/host/share/aclocal/ltoptions.m4'
 /usr/bin/install -c -m 644 './m4/ltsugar.m4' '/workspace/examples/qemu-node/output/host/share/aclocal/ltsugar.m4'
 /usr/bin/install -c -m 644 './m4/ltversion.m4' '/workspace/examples/qemu-node/output/host/share/aclocal/ltversion.m4'
 /usr/bin/install -c -m 644 './m4/lt~obsolete.m4' '/workspace/examples/qemu-node/output/host/share/aclocal/lt~obsolete.m4'
 /usr/bin/install -c './build-aux/compile' '/workspace/examples/qemu-node/output/host/share/libtool/build-aux/compile'
 /usr/bin/install -c './build-aux/config.guess' '/workspace/examples/qemu-node/output/host/share/libtool/build-aux/config.guess'
 /usr/bin/install -c './build-aux/config.sub' '/workspace/examples/qemu-node/output/host/share/libtool/build-aux/config.sub'
 /usr/bin/install -c './build-aux/depcomp' '/workspace/examples/qemu-node/output/host/share/libtool/build-aux/depcomp'
 /usr/bin/install -c './build-aux/install-sh' '/workspace/examples/qemu-node/output/host/share/libtool/build-aux/install-sh'
 /usr/bin/install -c './build-aux/missing' '/workspace/examples/qemu-node/output/host/share/libtool/build-aux/missing'
 /usr/bin/install -c -m 644 './build-aux/ltmain.sh' '/workspace/examples/qemu-node/output/host/share/libtool/build-aux/ltmain.sh'
 /usr/bin/install -c -m 644 './libltdl/COPYING.LIB' '/workspace/examples/qemu-node/output/host/share/libtool/COPYING.LIB'
 /usr/bin/install -c -m 644 './libltdl/Makefile.am' '/workspace/examples/qemu-node/output/host/share/libtool/Makefile.am'
 /usr/bin/install -c -m 644 './libltdl/README' '/workspace/examples/qemu-node/output/host/share/libtool/README'
 /usr/bin/install -c -m 644 './libltdl/configure.ac' '/workspace/examples/qemu-node/output/host/share/libtool/configure.ac'
 /usr/bin/install -c -m 644 './libltdl/aclocal.m4' '/workspace/examples/qemu-node/output/host/share/libtool/aclocal.m4'
 /usr/bin/install -c -m 644 './libltdl/Makefile.in' '/workspace/examples/qemu-node/output/host/share/libtool/Makefile.in'
 /usr/bin/install -c -m 644 './libltdl/config-h.in' '/workspace/examples/qemu-node/output/host/share/libtool/config-h.in'
 /usr/bin/install -c -m 644 './libltdl/configure' '/workspace/examples/qemu-node/output/host/share/libtool/configure'
 /usr/bin/install -c -m 644 './libltdl/libltdl/lt__alloc.h' '/workspace/examples/qemu-node/output/host/share/libtool/libltdl/lt__alloc.h'
 /usr/bin/install -c -m 644 './libltdl/libltdl/lt__argz_.h' '/workspace/examples/qemu-node/output/host/share/libtool/libltdl/lt__argz_.h'
 /usr/bin/install -c -m 644 './libltdl/libltdl/lt__dirent.h' '/workspace/examples/qemu-node/output/host/share/libtool/libltdl/lt__dirent.h'
 /usr/bin/install -c -m 644 './libltdl/libltdl/lt__glibc.h' '/workspace/examples/qemu-node/output/host/share/libtool/libltdl/lt__glibc.h'
 /usr/bin/install -c -m 644 './libltdl/libltdl/lt__private.h' '/workspace/examples/qemu-node/output/host/share/libtool/libltdl/lt__private.h'
 /usr/bin/install -c -m 644 './libltdl/libltdl/lt__strl.h' '/workspace/examples/qemu-node/output/host/share/libtool/libltdl/lt__strl.h'
 /usr/bin/install -c -m 644 './libltdl/libltdl/lt_dlloader.h' '/workspace/examples/qemu-node/output/host/share/libtool/libltdl/lt_dlloader.h'
 /usr/bin/install -c -m 644 './libltdl/libltdl/lt_error.h' '/workspace/examples/qemu-node/output/host/share/libtool/libltdl/lt_error.h'
 /usr/bin/install -c -m 644 './libltdl/libltdl/lt_system.h' '/workspace/examples/qemu-node/output/host/share/libtool/libltdl/lt_system.h'
 /usr/bin/install -c -m 644 './libltdl/libltdl/slist.h' '/workspace/examples/qemu-node/output/host/share/libtool/libltdl/slist.h'
 /usr/bin/install -c -m 644 './libltdl/loaders/dld_link.c' '/workspace/examples/qemu-node/output/host/share/libtool/loaders/dld_link.c'
 /usr/bin/install -c -m 644 './libltdl/loaders/dlopen.c' '/workspace/examples/qemu-node/output/host/share/libtool/loaders/dlopen.c'
 /usr/bin/install -c -m 644 './libltdl/loaders/dyld.c' '/workspace/examples/qemu-node/output/host/share/libtool/loaders/dyld.c'
 /usr/bin/install -c -m 644 './libltdl/loaders/load_add_on.c' '/workspace/examples/qemu-node/output/host/share/libtool/loaders/load_add_on.c'
 /usr/bin/install -c -m 644 './libltdl/loaders/loadlibrary.c' '/workspace/examples/qemu-node/output/host/share/libtool/loaders/loadlibrary.c'
 /usr/bin/install -c -m 644 './libltdl/loaders/preopen.c' '/workspace/examples/qemu-node/output/host/share/libtool/loaders/preopen.c'
 /usr/bin/install -c -m 644 './libltdl/loaders/shl_load.c' '/workspace/examples/qemu-node/output/host/share/libtool/loaders/shl_load.c'
 /usr/bin/install -c -m 644 './libltdl/lt__alloc.c' '/workspace/examples/qemu-node/output/host/share/libtool/lt__alloc.c'
 /usr/bin/install -c -m 644 './libltdl/lt__argz.c' '/workspace/examples/qemu-node/output/host/share/libtool/lt__argz.c'
 /usr/bin/install -c -m 644 './libltdl/lt__dirent.c' '/workspace/examples/qemu-node/output/host/share/libtool/lt__dirent.c'
 /usr/bin/install -c -m 644 './libltdl/lt__strl.c' '/workspace/examples/qemu-node/output/host/share/libtool/lt__strl.c'
 /usr/bin/install -c -m 644 './libltdl/lt_dlloader.c' '/workspace/examples/qemu-node/output/host/share/libtool/lt_dlloader.c'
 /usr/bin/install -c -m 644 './libltdl/lt_error.c' '/workspace/examples/qemu-node/output/host/share/libtool/lt_error.c'
 /usr/bin/install -c -m 644 './libltdl/ltdl.c' '/workspace/examples/qemu-node/output/host/share/libtool/ltdl.c'
 /usr/bin/install -c -m 644 './libltdl/ltdl.h' '/workspace/examples/qemu-node/output/host/share/libtool/ltdl.h'
 /usr/bin/install -c -m 644 './libltdl/ltdl.mk' '/workspace/examples/qemu-node/output/host/share/libtool/ltdl.mk'
 /usr/bin/install -c -m 644 './libltdl/slist.c' '/workspace/examples/qemu-node/output/host/share/libtool/slist.c'
chmod a+x '/workspace/examples/qemu-node/output/host/share/libtool/configure'
make[4]: Leaving directory '/workspace/examples/qemu-node/output/build/host-libtool-2.4.6'
make[3]: Leaving directory '/workspace/examples/qemu-node/output/build/host-libtool-2.4.6'
make[2]: Leaving directory '/workspace/examples/qemu-node/output/build/host-libtool-2.4.6'
make[1]: Leaving directory '/workspace/examples/qemu-node/output/build/host-libtool-2.4.6'
>>> host-autoconf 2.72 Downloading
wget -nd -t 3 --connect-timeout=10 -O '/workspace/examples/qemu-node/output/build/.autoconf-2.72.tar.xz.cM5cCD/output' 'https://ftpmirror.gnu.org/autoconf/autoconf-2.72.tar.xz' 
--2026-09-06 15:33:11--  https://ftpmirror.gnu.org/autoconf/autoconf-2.72.tar.xz
Resolving ftpmirror.gnu.org (ftpmirror.gnu.org)... 209.51.188.200, 2001:470:142:5::200
Connecting to ftpmirror.gnu.org (ftpmirror.gnu.org)|209.51.188.200|:443... connected.
HTTP request sent, awaiting response... 504 Gateway Time-out
Retrying.

--2026-09-06 15:34:13--  (try: 2)  https://ftpmirror.gnu.org/autoconf/autoconf-2.72.tar.xz
Reusing existing connection to ftpmirror.gnu.org:443.
HTTP request sent, awaiting response... 504 Gateway Time-out
Retrying.

--2026-09-06 15:35:17--  (try: 3)  https://ftpmirror.gnu.org/autoconf/autoconf-2.72.tar.xz
Reusing existing connection to ftpmirror.gnu.org:443.
HTTP request sent, awaiting response... 